Order_ID,Customer_ID,Product_ID,Order_Date,Quantity,Status
ORD-12524,CUST-1277,PROD-114,2023-02-03,1,Completed
ORD-13135,CUST-1369,PROD-114,2023-03-01,1,Completed
ORD-10824,CUST-1277,PROD-102,2023-03-01,1,Completed
ORD-13138,CUST-1403,PROD-123,2023-03-19,1,Completed
ORD-14380,CUST-1277,PROD-119,2023-03-23,3,Returned
ORD-11127,CUST-1244,PROD-128,2023-03-25,2,Completed
ORD-14976,CUST-1095,PROD-109,2023-03-27,3,Completed
ORD-12552,CUST-1485,PROD-108,2023-04-02,1,Returned
ORD-10483,CUST-1485,PROD-129,2023-04-06,2,Completed
ORD-14963,CUST-1245,PROD-112,2023-04-15,1,Completed
ORD-10522,CUST-1057,PROD-119,2023-04-26,1,Returned
ORD-13251,CUST-1204,PROD-108,2023-04-27,1,Completed
ORD-10224,CUST-1478,PROD-108,2023-04-27,1,Completed
ORD-11208,CUST-1047,PROD-123,2023-05-01,1,Completed
ORD-12012,CUST-1336,PROD-129,2023-05-02,1,Cancelled
ORD-11372,CUST-1126,PROD-103,2023-05-09,1,Completed
ORD-11647,CUST-1118,PROD-104,2023-05-17,1,Completed
ORD-14255,CUST-1310,PROD-126,2023-05-20,2,Completed
ORD-13804,CUST-1313,PROD-109,2023-05-20,3,Completed
ORD-12733,CUST-1053,PROD-121,2023-05-20,1,Completed
ORD-13750,CUST-1277,PROD-112,2023-06-01,1,Completed
ORD-12945,CUST-1022,PROD-106,2023-06-01,1,Completed
ORD-11520,CUST-1441,PROD-122,2023-06-06,1,Returned
ORD-13261,CUST-1453,PROD-123,2023-06-11,1,Completed
ORD-14237,CUST-1095,PROD-113,2023-06-18,1,Completed
ORD-14958,CUST-1153,PROD-102,2023-06-26,2,Completed
ORD-13557,CUST-1095,PROD-113,2023-06-28,1,Completed
ORD-10643,CUST-1228,PROD-104,2023-06-29,5,Completed
ORD-12756,CUST-1118,PROD-103,2023-07-03,2,Completed
ORD-14369,CUST-1234,PROD-129,2023-07-05,3,Completed
ORD-11439,CUST-1441,PROD-107,2023-07-07,1,Completed
ORD-10738,CUST-1021,PROD-111,2023-07-07,1,Completed
ORD-13592,CUST-1493,PROD-125,2023-07-08,1,Completed
ORD-13105,CUST-1485,PROD-107,2023-07-09,1,Completed
ORD-13245,CUST-1226,PROD-124,2023-07-20,1,Completed
ORD-10607,CUST-1480,PROD-111,2023-07-23,1,Completed
ORD-12802,CUST-1402,PROD-105,2023-07-26,1,Completed
ORD-10627,CUST-1184,PROD-112,2023-08-04,3,Cancelled
ORD-13698,CUST-1310,PROD-126,2023-08-06,1,Completed
ORD-11945,CUST-1209,PROD-111,2023-08-11,1,Completed
ORD-12889,CUST-1153,PROD-117,2023-08-12,3,Completed
ORD-11326,CUST-1306,PROD-110,2023-08-13,1,Completed
ORD-13243,CUST-1454,PROD-104,2023-08-13,1,Completed
ORD-11019,CUST-1021,PROD-106,2023-08-16,5,Completed
ORD-13410,CUST-1283,PROD-119,2023-08-19,1,Completed
ORD-12018,CUST-1153,PROD-103,2023-08-20,2,Cancelled
ORD-12797,CUST-1239,PROD-113,2023-08-21,2,Completed
ORD-14869,CUST-1407,PROD-100,2023-08-21,2,Completed
ORD-13945,CUST-1042,PROD-100,2023-08-23,1,Completed
ORD-12249,CUST-1454,PROD-119,2023-08-25,1,Returned
ORD-14425,CUST-1310,PROD-120,2023-08-25,1,Returned
ORD-14472,CUST-1048,PROD-126,2023-08-25,1,Completed
ORD-14797,CUST-1226,PROD-115,2023-08-25,3,Completed
ORD-13269,CUST-1333,PROD-103,2023-08-26,1,Returned
ORD-13596,CUST-1493,PROD-102,2023-08-29,5,Completed
ORD-10050,CUST-1247,PROD-124,2023-08-29,1,Completed
ORD-11490,CUST-1108,PROD-117,2023-08-29,1,Completed
ORD-14049,CUST-1100,PROD-122,2023-08-30,1,Completed
ORD-13423,CUST-1447,PROD-116,2023-09-04,1,Completed
ORD-12494,CUST-1088,PROD-117,2023-09-08,4,Completed
ORD-12992,CUST-1095,PROD-120,2023-09-11,1,Completed
ORD-14371,CUST-1029,PROD-117,2023-09-12,1,Completed
ORD-14500,CUST-1042,PROD-112,2023-09-12,2,Completed
ORD-11087,CUST-1457,PROD-126,2023-09-15,5,Completed
ORD-10757,CUST-1086,PROD-119,2023-09-18,1,Completed
ORD-12860,CUST-1021,PROD-125,2023-09-18,1,Completed
ORD-14858,CUST-1382,PROD-111,2023-09-19,1,Completed
ORD-14258,CUST-1042,PROD-127,2023-09-19,1,Completed
ORD-13894,CUST-1403,PROD-123,2023-09-22,1,Completed
ORD-12995,CUST-1118,PROD-110,2023-09-23,1,Completed
ORD-14138,CUST-1400,PROD-106,2023-09-25,4,Completed
ORD-10129,CUST-1488,PROD-109,2023-09-26,1,Cancelled
ORD-14318,CUST-1386,PROD-129,2023-09-29,4,Completed
ORD-13087,CUST-1086,PROD-116,2023-10-03,1,Completed
ORD-13890,CUST-1239,PROD-105,2023-10-03,2,Completed
ORD-14097,CUST-1245,PROD-107,2023-10-04,1,Completed
ORD-12038,CUST-1247,PROD-110,2023-10-04,4,Completed
ORD-10084,CUST-1427,PROD-122,2023-10-05,2,Completed
ORD-13168,CUST-1359,PROD-119,2023-10-06,1,Completed
ORD-14995,CUST-1126,PROD-111,2023-10-06,1,Completed
ORD-12135,CUST-1131,PROD-127,2023-10-07,1,Completed
ORD-13629,CUST-1453,PROD-121,2023-10-08,2,Completed
ORD-13433,CUST-1406,PROD-117,2023-10-08,3,Completed
ORD-14991,CUST-1217,PROD-126,2023-10-09,5,Completed
ORD-12236,CUST-1472,PROD-121,2023-10-11,1,Completed
ORD-12384,CUST-1005,PROD-117,2023-10-13,1,Returned
ORD-12254,CUST-1088,PROD-107,2023-10-14,3,Completed
ORD-14219,CUST-1472,PROD-116,2023-10-15,2,Completed
ORD-11968,CUST-1489,PROD-103,2023-10-15,2,Completed
ORD-12647,CUST-1488,PROD-116,2023-10-17,1,Completed
ORD-12065,CUST-1478,PROD-109,2023-10-18,1,Completed
ORD-10963,CUST-1153,PROD-108,2023-10-20,1,Completed
ORD-14130,CUST-1485,PROD-120,2023-10-20,1,Completed
ORD-10576,CUST-1406,PROD-105,2023-10-25,1,Completed
ORD-14488,CUST-1283,PROD-102,2023-10-27,1,Completed
ORD-13265,CUST-1340,PROD-125,2023-10-28,1,Completed
ORD-10402,CUST-1402,PROD-113,2023-10-29,1,Completed
ORD-13912,CUST-1201,PROD-116,2023-10-30,2,Cancelled
ORD-10753,CUST-1386,PROD-107,2023-11-01,2,Completed
ORD-13983,CUST-1499,PROD-128,2023-11-01,1,Completed
ORD-10827,CUST-1401,PROD-124,2023-11-02,1,Completed
ORD-10950,CUST-1194,PROD-118,2023-11-04,1,Completed
ORD-10009,CUST-1153,PROD-102,2023-11-06,1,Completed
ORD-11915,CUST-1499,PROD-117,2023-11-06,5,Completed
ORD-11222,CUST-1129,PROD-123,2023-11-09,1,Completed
ORD-14555,CUST-1005,PROD-112,2023-11-09,1,Completed
ORD-14048,CUST-1427,PROD-104,2023-11-09,2,Completed
ORD-11381,CUST-1393,PROD-115,2023-11-10,1,Completed
ORD-12151,CUST-1069,PROD-105,2023-11-10,1,Completed
ORD-13833,CUST-1445,PROD-129,2023-11-12,5,Returned
ORD-14731,CUST-1447,PROD-124,2023-11-12,1,Returned
ORD-12268,CUST-1201,PROD-100,2023-11-12,3,Completed
ORD-11624,CUST-1328,PROD-118,2023-11-16,1,Returned
ORD-13652,CUST-1261,PROD-118,2023-11-19,1,Completed
ORD-12551,CUST-1228,PROD-115,2023-11-20,1,Cancelled
ORD-13452,CUST-1410,PROD-103,2023-11-21,1,Completed
ORD-11982,CUST-1199,PROD-110,2023-11-22,1,Returned
ORD-13795,CUST-1159,PROD-114,2023-11-23,1,Completed
ORD-11298,CUST-1244,PROD-123,2023-11-23,2,Completed
ORD-14093,CUST-1152,PROD-109,2023-11-24,1,Completed
ORD-11599,CUST-1445,PROD-129,2023-11-24,2,Completed
ORD-10228,CUST-1422,PROD-108,2023-11-26,2,Completed
ORD-11500,CUST-1005,PROD-107,2023-11-27,1,Completed
ORD-14801,CUST-1228,PROD-124,2023-11-27,2,Completed
ORD-13479,CUST-1313,PROD-118,2023-11-29,1,Completed
ORD-10762,CUST-1135,PROD-106,2023-11-30,1,Completed
ORD-13290,CUST-1328,PROD-123,2023-11-30,4,Completed
ORD-12785,CUST-1153,PROD-125,2023-11-30,1,Completed
ORD-12390,CUST-1053,PROD-107,2023-12-01,1,Completed
ORD-12100,CUST-1441,PROD-116,2023-12-07,2,Completed
ORD-14802,CUST-1357,PROD-108,2023-12-08,1,Completed
ORD-14014,CUST-1195,PROD-102,2023-12-08,1,Completed
ORD-13766,CUST-1076,PROD-117,2023-12-11,4,Completed
ORD-13919,CUST-1454,PROD-111,2023-12-11,2,Completed
ORD-12495,CUST-1360,PROD-111,2023-12-12,2,Completed
ORD-11303,CUST-1040,PROD-128,2023-12-14,1,Completed
ORD-11522,CUST-1336,PROD-106,2023-12-16,2,Completed
ORD-10177,CUST-1195,PROD-107,2023-12-18,4,Completed
ORD-13829,CUST-1018,PROD-105,2023-12-19,1,Completed
ORD-11882,CUST-1209,PROD-119,2023-12-20,3,Completed
ORD-11272,CUST-1241,PROD-103,2023-12-20,1,Completed
ORD-11061,CUST-1023,PROD-106,2023-12-20,1,Completed
ORD-13494,CUST-1261,PROD-101,2023-12-20,1,Completed
ORD-10043,CUST-1422,PROD-109,2023-12-20,1,Completed
ORD-14286,CUST-1108,PROD-100,2023-12-21,1,Completed
ORD-13554,CUST-1247,PROD-111,2023-12-22,1,Completed
ORD-11717,CUST-1277,PROD-109,2023-12-23,1,Completed
ORD-11913,CUST-1480,PROD-110,2023-12-23,1,Completed
ORD-13008,CUST-1194,PROD-106,2023-12-25,1,Completed
ORD-10124,CUST-1488,PROD-116,2023-12-28,2,Completed
ORD-11400,CUST-1471,PROD-102,2023-12-29,2,Completed
ORD-11171,CUST-1166,PROD-129,2023-12-29,1,Completed
ORD-14803,CUST-1486,PROD-123,2023-12-31,1,Completed
ORD-12192,CUST-1208,PROD-105,2024-01-01,3,Completed
ORD-14288,CUST-1454,PROD-100,2024-01-01,1,Cancelled
ORD-11196,CUST-1479,PROD-111,2024-01-06,5,Completed
ORD-14677,CUST-1422,PROD-124,2024-01-07,1,Completed
ORD-10404,CUST-1261,PROD-118,2024-01-08,1,Completed
ORD-10846,CUST-1152,PROD-102,2024-01-08,1,Completed
ORD-13221,CUST-1053,PROD-103,2024-01-09,1,Completed
ORD-12370,CUST-1244,PROD-111,2024-01-09,5,Cancelled
ORD-11389,CUST-1479,PROD-103,2024-01-10,1,Completed
ORD-11812,CUST-1401,PROD-109,2024-01-10,1,Completed
ORD-13553,CUST-1258,PROD-110,2024-01-10,1,Completed
ORD-11575,CUST-1058,PROD-101,2024-01-11,3,Completed
ORD-11936,CUST-1472,PROD-129,2024-01-13,2,Completed
ORD-12653,CUST-1367,PROD-126,2024-01-15,1,Completed
ORD-10014,CUST-1401,PROD-109,2024-01-15,1,Cancelled
ORD-12079,CUST-1386,PROD-127,2024-01-17,1,Completed
ORD-12232,CUST-1499,PROD-112,2024-01-17,1,Returned
ORD-13394,CUST-1454,PROD-128,2024-01-19,5,Completed
ORD-10096,CUST-1382,PROD-112,2024-01-19,1,Completed
ORD-12672,CUST-1472,PROD-124,2024-01-19,1,Completed
ORD-14948,CUST-1435,PROD-127,2024-01-20,1,Completed
ORD-10740,CUST-1340,PROD-129,2024-01-21,5,Completed
ORD-11477,CUST-1447,PROD-115,2024-01-22,1,Completed
ORD-12824,CUST-1422,PROD-126,2024-01-23,1,Completed
ORD-14954,CUST-1166,PROD-111,2024-01-25,1,Completed
ORD-10633,CUST-1401,PROD-109,2024-01-25,1,Completed
ORD-14996,CUST-1313,PROD-117,2024-01-25,3,Completed
ORD-12511,CUST-1053,PROD-111,2024-01-27,1,Completed
ORD-12364,CUST-1493,PROD-123,2024-01-28,1,Completed
ORD-14787,CUST-1133,PROD-113,2024-01-28,5,Completed
ORD-11461,CUST-1359,PROD-101,2024-01-30,1,Completed
ORD-12991,CUST-1234,PROD-122,2024-02-01,1,Returned
ORD-14946,CUST-1147,PROD-110,2024-02-01,1,Completed
ORD-12725,CUST-1283,PROD-127,2024-02-02,1,Completed
ORD-13316,CUST-1147,PROD-108,2024-02-02,1,Completed
ORD-13847,CUST-1184,PROD-107,2024-02-02,1,Completed
ORD-12983,CUST-1092,PROD-100,2024-02-03,1,Completed
ORD-10491,CUST-1129,PROD-126,2024-02-04,2,Completed
ORD-14345,CUST-1077,PROD-108,2024-02-07,1,Completed
ORD-13584,CUST-1260,PROD-101,2024-02-07,1,Completed
ORD-10321,CUST-1306,PROD-121,2024-02-07,2,Completed
ORD-13926,CUST-1021,PROD-106,2024-02-09,1,Cancelled
ORD-10821,CUST-1077,PROD-110,2024-02-10,1,Completed
ORD-14894,CUST-1217,PROD-101,2024-02-10,2,Completed
ORD-12497,CUST-1108,PROD-110,2024-02-11,1,Completed
ORD-11692,CUST-1058,PROD-128,2024-02-12,5,Completed
ORD-13421,CUST-1005,PROD-105,2024-02-12,2,Completed
ORD-11041,CUST-1244,PROD-115,2024-02-13,1,Completed
ORD-10315,CUST-1269,PROD-116,2024-02-13,1,Cancelled
ORD-10117,CUST-1152,PROD-122,2024-02-13,2,Returned
ORD-12799,CUST-1014,PROD-118,2024-02-14,1,Completed
ORD-14233,CUST-1472,PROD-103,2024-02-15,1,Completed
ORD-13295,CUST-1447,PROD-116,2024-02-15,1,Cancelled
ORD-12282,CUST-1058,PROD-122,2024-02-16,1,Completed
ORD-10629,CUST-1133,PROD-126,2024-02-17,1,Completed
ORD-14830,CUST-1261,PROD-120,2024-02-18,3,Completed
ORD-12914,CUST-1133,PROD-103,2024-02-20,1,Completed
ORD-10996,CUST-1228,PROD-113,2024-02-20,2,Completed
ORD-13793,CUST-1313,PROD-127,2024-02-25,1,Completed
ORD-10374,CUST-1475,PROD-125,2024-02-26,1,Completed
ORD-10852,CUST-1042,PROD-117,2024-02-27,1,Completed
ORD-13447,CUST-1472,PROD-114,2024-02-27,1,Completed
ORD-12543,CUST-1382,PROD-113,2024-03-02,2,Completed
ORD-12429,CUST-1252,PROD-122,2024-03-03,1,Returned
ORD-10674,CUST-1336,PROD-108,2024-03-03,1,Completed
ORD-11023,CUST-1479,PROD-112,2024-03-04,1,Completed
ORD-10586,CUST-1475,PROD-108,2024-03-05,1,Returned
ORD-14209,CUST-1489,PROD-106,2024-03-05,1,Cancelled
ORD-10703,CUST-1492,PROD-100,2024-03-06,1,Completed
ORD-10222,CUST-1042,PROD-111,2024-03-06,1,Completed
ORD-10242,CUST-1346,PROD-103,2024-03-07,1,Completed
ORD-11715,CUST-1372,PROD-123,2024-03-07,1,Returned
ORD-14328,CUST-1261,PROD-104,2024-03-07,1,Returned
ORD-13760,CUST-1339,PROD-126,2024-03-07,5,Completed
ORD-13762,CUST-1244,PROD-106,2024-03-09,2,Completed
ORD-10253,CUST-1372,PROD-112,2024-03-12,2,Completed
ORD-10451,CUST-1092,PROD-101,2024-03-12,1,Completed
ORD-13324,CUST-1277,PROD-123,2024-03-12,1,Completed
ORD-11448,CUST-1177,PROD-124,2024-03-13,2,Returned
ORD-10939,CUST-1360,PROD-118,2024-03-13,2,Completed
ORD-13721,CUST-1149,PROD-121,2024-03-14,1,Completed
ORD-10618,CUST-1029,PROD-109,2024-03-15,1,Completed
ORD-14853,CUST-1382,PROD-109,2024-03-16,1,Completed
ORD-10248,CUST-1014,PROD-116,2024-03-16,1,Completed
ORD-10750,CUST-1282,PROD-115,2024-03-17,1,Completed
ORD-14622,CUST-1357,PROD-111,2024-03-18,1,Completed
ORD-11137,CUST-1053,PROD-105,2024-03-19,1,Cancelled
ORD-13786,CUST-1192,PROD-116,2024-03-21,2,Completed
ORD-12219,CUST-1166,PROD-104,2024-03-23,1,Completed
ORD-12919,CUST-1393,PROD-116,2024-03-23,4,Completed
ORD-10843,CUST-1402,PROD-112,2024-03-25,3,Returned
ORD-11551,CUST-1402,PROD-107,2024-03-25,4,Completed
ORD-14329,CUST-1217,PROD-128,2024-03-26,1,Completed
ORD-10839,CUST-1472,PROD-107,2024-03-26,2,Completed
ORD-11348,CUST-1209,PROD-116,2024-03-27,2,Completed
ORD-11184,CUST-1464,PROD-124,2024-03-27,2,Completed
ORD-10312,CUST-1177,PROD-125,2024-03-30,1,Completed
ORD-13980,CUST-1372,PROD-114,2024-03-30,1,Completed
ORD-11549,CUST-1367,PROD-117,2024-03-31,2,Completed
ORD-10987,CUST-1047,PROD-100,2024-04-01,2,Completed
ORD-12444,CUST-1234,PROD-100,2024-04-02,1,Completed
ORD-10898,CUST-1330,PROD-101,2024-04-05,1,Completed
ORD-11452,CUST-1129,PROD-107,2024-04-06,1,Completed
ORD-14634,CUST-1475,PROD-129,2024-04-06,3,Completed
ORD-12118,CUST-1360,PROD-106,2024-04-06,1,Completed
ORD-12314,CUST-1454,PROD-101,2024-04-08,3,Returned
ORD-11974,CUST-1403,PROD-117,2024-04-08,1,Completed
ORD-10974,CUST-1367,PROD-112,2024-04-08,2,Completed
ORD-10503,CUST-1112,PROD-103,2024-04-08,1,Completed
ORD-10969,CUST-1064,PROD-125,2024-04-09,2,Completed
ORD-14629,CUST-1489,PROD-122,2024-04-11,1,Completed
ORD-11255,CUST-1112,PROD-100,2024-04-11,1,Completed
ORD-12523,CUST-1444,PROD-122,2024-04-18,1,Completed
ORD-12512,CUST-1330,PROD-112,2024-04-18,1,Completed
ORD-12668,CUST-1469,PROD-102,2024-04-18,1,Returned
ORD-14917,CUST-1407,PROD-109,2024-04-20,1,Completed
ORD-12483,CUST-1317,PROD-110,2024-04-20,1,Completed
ORD-13056,CUST-1258,PROD-116,2024-04-20,1,Completed
ORD-14001,CUST-1245,PROD-110,2024-04-20,2,Completed
ORD-11486,CUST-1195,PROD-118,2024-04-22,1,Completed
ORD-11710,CUST-1259,PROD-118,2024-04-22,1,Completed
ORD-13280,CUST-1048,PROD-100,2024-04-22,1,Completed
ORD-14872,CUST-1077,PROD-101,2024-04-22,1,Cancelled
ORD-11734,CUST-1040,PROD-112,2024-04-23,1,Completed
ORD-12349,CUST-1336,PROD-109,2024-04-23,1,Completed
ORD-12604,CUST-1252,PROD-116,2024-04-26,2,Returned
ORD-12218,CUST-1444,PROD-101,2024-04-26,1,Completed
ORD-10461,CUST-1007,PROD-101,2024-04-27,2,Completed
ORD-11114,CUST-1244,PROD-120,2024-04-27,1,Completed
ORD-13436,CUST-1047,PROD-127,2024-04-28,1,Completed
ORD-13803,CUST-1407,PROD-105,2024-04-30,5,Completed
ORD-12456,CUST-1320,PROD-103,2024-05-03,1,Cancelled
ORD-10119,CUST-1333,PROD-126,2024-05-03,3,Completed
ORD-12583,CUST-1217,PROD-118,2024-05-05,5,Completed
ORD-14156,CUST-1159,PROD-126,2024-05-06,2,Completed
ORD-13492,CUST-1340,PROD-122,2024-05-06,1,Cancelled
ORD-11083,CUST-1042,PROD-105,2024-05-09,3,Returned
ORD-11629,CUST-1410,PROD-106,2024-05-09,1,Completed
ORD-11639,CUST-1020,PROD-106,2024-05-10,2,Completed
ORD-12244,CUST-1245,PROD-122,2024-05-10,5,Completed
ORD-13075,CUST-1152,PROD-110,2024-05-10,4,Completed
ORD-12952,CUST-1040,PROD-107,2024-05-12,1,Completed
ORD-12650,CUST-1053,PROD-115,2024-05-12,1,Completed
ORD-12790,CUST-1239,PROD-127,2024-05-13,1,Completed
ORD-13787,CUST-1018,PROD-106,2024-05-13,4,Completed
ORD-12794,CUST-1182,PROD-108,2024-05-14,1,Completed
ORD-10011,CUST-1118,PROD-121,2024-05-15,2,Completed
ORD-14675,CUST-1095,PROD-114,2024-05-15,2,Completed
ORD-12257,CUST-1345,PROD-104,2024-05-15,3,Completed
ORD-10517,CUST-1336,PROD-120,2024-05-16,1,Completed
ORD-10044,CUST-1177,PROD-127,2024-05-17,1,Completed
ORD-13381,CUST-1217,PROD-101,2024-05-18,1,Completed
ORD-12842,CUST-1384,PROD-123,2024-05-19,2,Completed
ORD-11620,CUST-1361,PROD-102,2024-05-20,1,Completed
ORD-11426,CUST-1258,PROD-118,2024-05-21,1,Completed
ORD-11527,CUST-1144,PROD-101,2024-05-21,1,Completed
ORD-14838,CUST-1177,PROD-114,2024-05-23,2,Completed
ORD-10620,CUST-1336,PROD-116,2024-05-23,3,Completed
ORD-13407,CUST-1077,PROD-111,2024-05-25,5,Returned
ORD-14536,CUST-1472,PROD-101,2024-05-25,1,Completed
ORD-14382,CUST-1480,PROD-118,2024-05-25,1,Returned
ORD-13599,CUST-1454,PROD-122,2024-05-28,3,Completed
ORD-11661,CUST-1485,PROD-126,2024-05-28,2,Completed
ORD-12152,CUST-1086,PROD-124,2024-05-29,1,Completed
ORD-12941,CUST-1465,PROD-118,2024-05-29,1,Cancelled
ORD-11883,CUST-1245,PROD-125,2024-05-30,1,Completed
ORD-12059,CUST-1133,PROD-129,2024-05-31,1,Completed
ORD-13996,CUST-1217,PROD-126,2024-05-31,3,Returned
ORD-13727,CUST-1360,PROD-100,2024-05-31,2,Completed
ORD-11170,CUST-1489,PROD-117,2024-06-01,1,Completed
ORD-12599,CUST-1233,PROD-109,2024-06-02,1,Completed
ORD-14528,CUST-1064,PROD-110,2024-06-02,1,Cancelled
ORD-14749,CUST-1208,PROD-114,2024-06-03,1,Completed
ORD-11867,CUST-1361,PROD-112,2024-06-03,1,Completed
ORD-14008,CUST-1077,PROD-113,2024-06-04,1,Completed
ORD-14239,CUST-1306,PROD-115,2024-06-05,1,Completed
ORD-12519,CUST-1149,PROD-100,2024-06-05,1,Completed
ORD-10695,CUST-1340,PROD-129,2024-06-05,2,Completed
ORD-12281,CUST-1135,PROD-120,2024-06-06,1,Returned
ORD-14745,CUST-1053,PROD-107,2024-06-06,4,Completed
ORD-11375,CUST-1049,PROD-115,2024-06-07,2,Returned
ORD-11328,CUST-1433,PROD-120,2024-06-07,1,Completed
ORD-12739,CUST-1195,PROD-120,2024-06-08,1,Completed
ORD-14586,CUST-1040,PROD-127,2024-06-08,1,Completed
ORD-14254,CUST-1361,PROD-119,2024-06-09,1,Completed
ORD-13165,CUST-1317,PROD-125,2024-06-11,1,Cancelled
ORD-11335,CUST-1427,PROD-116,2024-06-12,1,Returned
ORD-13496,CUST-1016,PROD-124,2024-06-12,1,Completed
ORD-12544,CUST-1393,PROD-105,2024-06-12,2,Returned
ORD-10112,CUST-1419,PROD-121,2024-06-12,2,Completed
ORD-11782,CUST-1291,PROD-121,2024-06-13,3,Completed
ORD-11741,CUST-1492,PROD-120,2024-06-13,4,Returned
ORD-10073,CUST-1076,PROD-124,2024-06-13,1,Completed
ORD-10973,CUST-1144,PROD-123,2024-06-14,1,Completed
ORD-10583,CUST-1298,PROD-108,2024-06-14,3,Completed
ORD-10131,CUST-1258,PROD-122,2024-06-15,1,Completed
ORD-11784,CUST-1029,PROD-113,2024-06-15,1,Completed
ORD-10295,CUST-1317,PROD-119,2024-06-16,4,Completed
ORD-10685,CUST-1192,PROD-107,2024-06-16,2,Completed
ORD-14047,CUST-1462,PROD-113,2024-06-16,2,Completed
ORD-13561,CUST-1153,PROD-127,2024-06-17,2,Completed
ORD-14669,CUST-1270,PROD-106,2024-06-17,1,Completed
ORD-10581,CUST-1123,PROD-116,2024-06-18,3,Completed
ORD-10008,CUST-1297,PROD-107,2024-06-20,1,Completed
ORD-12944,CUST-1005,PROD-121,2024-06-20,5,Completed
ORD-12748,CUST-1441,PROD-120,2024-06-21,1,Completed
ORD-12972,CUST-1005,PROD-110,2024-06-23,2,Completed
ORD-11091,CUST-1486,PROD-111,2024-06-24,1,Completed
ORD-10069,CUST-1499,PROD-104,2024-06-24,1,Completed
ORD-11221,CUST-1320,PROD-123,2024-06-25,2,Completed
ORD-10022,CUST-1101,PROD-129,2024-06-27,3,Completed
ORD-10104,CUST-1211,PROD-104,2024-06-27,2,Completed
ORD-14165,CUST-1360,PROD-100,2024-06-28,3,Completed
ORD-14062,CUST-1433,PROD-109,2024-06-29,5,Completed
ORD-10059,CUST-1400,PROD-117,2024-06-29,1,Completed
ORD-12697,CUST-1131,PROD-122,2024-06-30,1,Returned
ORD-10060,CUST-1457,PROD-118,2024-06-30,4,Completed
ORD-12023,CUST-1260,PROD-124,2024-07-01,1,Completed
ORD-10584,CUST-1253,PROD-127,2024-07-01,1,Completed
ORD-13671,CUST-1377,PROD-104,2024-07-02,1,Completed
ORD-14445,CUST-1486,PROD-100,2024-07-02,1,Completed
ORD-12692,CUST-1449,PROD-105,2024-07-05,1,Completed
ORD-10854,CUST-1023,PROD-104,2024-07-05,1,Completed
ORD-14303,CUST-1489,PROD-111,2024-07-06,1,Completed
ORD-10810,CUST-1453,PROD-120,2024-07-06,1,Returned
ORD-10592,CUST-1433,PROD-115,2024-07-07,3,Returned
ORD-11179,CUST-1361,PROD-127,2024-07-07,1,Completed
ORD-12632,CUST-1336,PROD-109,2024-07-07,1,Completed
ORD-11485,CUST-1269,PROD-114,2024-07-07,1,Completed
ORD-14334,CUST-1092,PROD-115,2024-07-08,1,Completed
ORD-14755,CUST-1092,PROD-128,2024-07-09,3,Returned
ORD-14930,CUST-1275,PROD-121,2024-07-09,2,Completed
ORD-12515,CUST-1040,PROD-128,2024-07-10,1,Returned
ORD-13208,CUST-1492,PROD-127,2024-07-11,1,Completed
ORD-11111,CUST-1340,PROD-126,2024-07-12,4,Completed
ORD-13170,CUST-1228,PROD-117,2024-07-13,1,Completed
ORD-12087,CUST-1283,PROD-123,2024-07-13,1,Completed
ORD-13949,CUST-1492,PROD-121,2024-07-14,2,Completed
ORD-14301,CUST-1310,PROD-103,2024-07-14,1,Completed
ORD-10349,CUST-1184,PROD-116,2024-07-14,1,Completed
ORD-10693,CUST-1064,PROD-107,2024-07-15,1,Cancelled
ORD-14740,CUST-1294,PROD-123,2024-07-16,3,Completed
ORD-11416,CUST-1204,PROD-127,2024-07-16,1,Cancelled
ORD-12911,CUST-1488,PROD-120,2024-07-17,1,Completed
ORD-10030,CUST-1100,PROD-116,2024-07-18,1,Completed
ORD-13181,CUST-1204,PROD-120,2024-07-18,3,Completed
ORD-10269,CUST-1049,PROD-104,2024-07-19,1,Completed
ORD-11153,CUST-1346,PROD-111,2024-07-20,3,Completed
ORD-13658,CUST-1336,PROD-124,2024-07-21,2,Completed
ORD-13870,CUST-1391,PROD-100,2024-07-21,4,Completed
ORD-14918,CUST-1245,PROD-101,2024-07-22,2,Completed
ORD-12806,CUST-1110,PROD-108,2024-07-24,1,Completed
ORD-13266,CUST-1236,PROD-120,2024-07-24,1,Completed
ORD-11147,CUST-1055,PROD-112,2024-07-25,1,Completed
ORD-11740,CUST-1110,PROD-119,2024-07-25,1,Completed
ORD-13262,CUST-1309,PROD-114,2024-07-26,1,Completed
ORD-14884,CUST-1258,PROD-110,2024-07-26,1,Completed
ORD-11277,CUST-1485,PROD-123,2024-07-28,1,Completed
ORD-11924,CUST-1123,PROD-119,2024-07-28,2,Completed
ORD-14060,CUST-1294,PROD-115,2024-07-28,1,Completed
ORD-11513,CUST-1487,PROD-124,2024-07-28,1,Completed
ORD-11781,CUST-1391,PROD-121,2024-07-29,1,Completed
ORD-10189,CUST-1336,PROD-100,2024-07-29,1,Completed
ORD-14548,CUST-1140,PROD-106,2024-07-30,5,Completed
ORD-12908,CUST-1194,PROD-123,2024-07-30,2,Completed
ORD-13889,CUST-1055,PROD-120,2024-07-31,1,Returned
ORD-12660,CUST-1063,PROD-125,2024-08-01,2,Completed
ORD-10002,CUST-1426,PROD-109,2024-08-01,1,Completed
ORD-11276,CUST-1008,PROD-127,2024-08-02,1,Completed
ORD-12180,CUST-1133,PROD-125,2024-08-02,2,Completed
ORD-12448,CUST-1454,PROD-129,2024-08-02,1,Completed
ORD-10697,CUST-1129,PROD-129,2024-08-02,1,Completed
ORD-11189,CUST-1053,PROD-121,2024-08-03,1,Completed
ORD-10256,CUST-1487,PROD-109,2024-08-03,5,Completed
ORD-10640,CUST-1273,PROD-105,2024-08-05,1,Completed
ORD-11864,CUST-1260,PROD-118,2024-08-05,1,Completed
ORD-13224,CUST-1464,PROD-127,2024-08-08,3,Completed
ORD-14933,CUST-1459,PROD-124,2024-08-09,1,Completed
ORD-10143,CUST-1018,PROD-125,2024-08-09,1,Completed
ORD-11613,CUST-1007,PROD-100,2024-08-10,2,Completed
ORD-14443,CUST-1345,PROD-115,2024-08-11,1,Completed
ORD-14789,CUST-1154,PROD-128,2024-08-11,1,Completed
ORD-13512,CUST-1008,PROD-119,2024-08-17,1,Completed
ORD-12098,CUST-1019,PROD-116,2024-08-18,4,Completed
ORD-14018,CUST-1252,PROD-126,2024-08-18,1,Completed
ORD-12425,CUST-1110,PROD-110,2024-08-18,2,Completed
ORD-12906,CUST-1118,PROD-116,2024-08-20,3,Cancelled
ORD-11758,CUST-1310,PROD-115,2024-08-21,1,Completed
ORD-13565,CUST-1129,PROD-129,2024-08-21,1,Completed
ORD-10485,CUST-1029,PROD-126,2024-08-21,2,Completed
ORD-10199,CUST-1179,PROD-104,2024-08-22,1,Returned
ORD-11578,CUST-1201,PROD-109,2024-08-22,1,Completed
ORD-10897,CUST-1400,PROD-127,2024-08-23,2,Completed
ORD-13039,CUST-1160,PROD-111,2024-08-23,1,Completed
ORD-11361,CUST-1021,PROD-124,2024-08-24,2,Cancelled
ORD-14270,CUST-1419,PROD-118,2024-08-24,2,Completed
ORD-10460,CUST-1407,PROD-129,2024-08-26,1,Completed
ORD-13419,CUST-1298,PROD-115,2024-08-26,1,Cancelled
ORD-13885,CUST-1131,PROD-128,2024-08-26,1,Returned
ORD-11670,CUST-1047,PROD-118,2024-08-27,1,Completed
ORD-14282,CUST-1130,PROD-116,2024-08-27,1,Returned
ORD-10159,CUST-1023,PROD-115,2024-08-27,2,Completed
ORD-14630,CUST-1478,PROD-128,2024-08-27,1,Completed
ORD-12047,CUST-1492,PROD-128,2024-08-28,3,Completed
ORD-10042,CUST-1453,PROD-100,2024-08-28,1,Completed
ORD-12620,CUST-1406,PROD-122,2024-08-28,1,Completed
ORD-10883,CUST-1294,PROD-111,2024-08-29,2,Completed
ORD-11574,CUST-1400,PROD-107,2024-08-29,1,Completed
ORD-14195,CUST-1471,PROD-100,2024-08-30,1,Completed
ORD-10813,CUST-1309,PROD-106,2024-08-31,1,Completed
ORD-11383,CUST-1266,PROD-109,2024-09-01,2,Completed
ORD-13754,CUST-1137,PROD-107,2024-09-01,3,Completed
ORD-14320,CUST-1410,PROD-126,2024-09-02,1,Completed
ORD-11402,CUST-1144,PROD-122,2024-09-02,1,Completed
ORD-11233,CUST-1159,PROD-121,2024-09-02,3,Completed
ORD-12874,CUST-1485,PROD-126,2024-09-02,5,Completed
ORD-13883,CUST-1360,PROD-101,2024-09-02,1,Completed
ORD-10863,CUST-1109,PROD-124,2024-09-03,1,Completed
ORD-10682,CUST-1275,PROD-120,2024-09-04,3,Completed
ORD-14477,CUST-1330,PROD-122,2024-09-04,1,Completed
ORD-13560,CUST-1488,PROD-118,2024-09-04,1,Completed
ORD-13091,CUST-1309,PROD-103,2024-09-05,2,Cancelled
ORD-10731,CUST-1369,PROD-121,2024-09-05,3,Returned
ORD-12163,CUST-1121,PROD-119,2024-09-05,1,Completed
ORD-11174,CUST-1270,PROD-103,2024-09-05,5,Completed
ORD-13752,CUST-1064,PROD-121,2024-09-07,2,Completed
ORD-10016,CUST-1340,PROD-112,2024-09-08,2,Completed
ORD-10074,CUST-1410,PROD-126,2024-09-08,2,Completed
ORD-13176,CUST-1266,PROD-108,2024-09-08,1,Completed
ORD-10376,CUST-1472,PROD-109,2024-09-08,1,Completed
ORD-12843,CUST-1309,PROD-123,2024-09-09,2,Completed
ORD-11484,CUST-1339,PROD-124,2024-09-10,1,Completed
ORD-13651,CUST-1345,PROD-115,2024-09-10,1,Cancelled
ORD-13427,CUST-1443,PROD-101,2024-09-12,1,Completed
ORD-11359,CUST-1476,PROD-102,2024-09-12,1,Completed
ORD-14541,CUST-1140,PROD-110,2024-09-12,1,Completed
ORD-10277,CUST-1310,PROD-104,2024-09-12,1,Completed
ORD-10760,CUST-1407,PROD-112,2024-09-14,1,Completed
ORD-11330,CUST-1341,PROD-128,2024-09-14,1,Completed
ORD-10155,CUST-1472,PROD-123,2024-09-14,2,Completed
ORD-14833,CUST-1123,PROD-102,2024-09-14,1,Completed
ORD-12376,CUST-1320,PROD-123,2024-09-15,1,Completed
ORD-14356,CUST-1201,PROD-113,2024-09-15,1,Completed
ORD-12984,CUST-1344,PROD-108,2024-09-18,5,Completed
ORD-13944,CUST-1482,PROD-118,2024-09-18,2,Completed
ORD-14017,CUST-1217,PROD-106,2024-09-18,1,Completed
ORD-13175,CUST-1351,PROD-104,2024-09-18,1,Completed
ORD-11550,CUST-1313,PROD-100,2024-09-18,1,Completed
ORD-12905,CUST-1211,PROD-113,2024-09-19,2,Completed
ORD-13274,CUST-1333,PROD-118,2024-09-19,1,Completed
ORD-14302,CUST-1131,PROD-122,2024-09-19,2,Completed
ORD-10803,CUST-1166,PROD-117,2024-09-20,1,Completed
ORD-10535,CUST-1260,PROD-126,2024-09-20,1,Completed
ORD-11318,CUST-1470,PROD-121,2024-09-20,1,Completed
ORD-11050,CUST-1113,PROD-122,2024-09-20,3,Completed
ORD-10082,CUST-1482,PROD-119,2024-09-20,3,Completed
ORD-12698,CUST-1404,PROD-111,2024-09-22,1,Completed
ORD-13609,CUST-1478,PROD-126,2024-09-23,3,Completed
ORD-10868,CUST-1269,PROD-106,2024-09-23,1,Completed
ORD-14029,CUST-1258,PROD-123,2024-09-23,1,Returned
ORD-10761,CUST-1287,PROD-106,2024-09-24,3,Cancelled
ORD-14358,CUST-1499,PROD-102,2024-09-24,2,Completed
ORD-10150,CUST-1035,PROD-128,2024-09-24,1,Returned
ORD-13222,CUST-1133,PROD-105,2024-09-25,1,Completed
ORD-11009,CUST-1008,PROD-117,2024-09-25,1,Completed
ORD-11116,CUST-1474,PROD-126,2024-09-27,4,Completed
ORD-11704,CUST-1470,PROD-111,2024-09-27,1,Completed
ORD-13183,CUST-1243,PROD-114,2024-09-27,1,Completed
ORD-11143,CUST-1467,PROD-102,2024-09-28,1,Completed
ORD-11062,CUST-1024,PROD-106,2024-09-28,1,Completed
ORD-14535,CUST-1353,PROD-129,2024-09-28,1,Completed
ORD-14206,CUST-1470,PROD-116,2024-09-29,1,Completed
ORD-13413,CUST-1391,PROD-106,2024-09-29,3,Completed
ORD-12798,CUST-1459,PROD-102,2024-09-29,1,Completed
ORD-13812,CUST-1000,PROD-115,2024-09-29,2,Completed
ORD-12404,CUST-1322,PROD-114,2024-09-29,5,Completed
ORD-14878,CUST-1359,PROD-124,2024-09-30,2,Completed
ORD-13191,CUST-1303,PROD-101,2024-10-01,2,Returned
ORD-12834,CUST-1032,PROD-125,2024-10-01,1,Completed
ORD-10456,CUST-1465,PROD-125,2024-10-02,1,Completed
ORD-12999,CUST-1192,PROD-109,2024-10-02,1,Completed
ORD-14888,CUST-1370,PROD-101,2024-10-02,5,Completed
ORD-14203,CUST-1112,PROD-109,2024-10-02,1,Completed
ORD-12475,CUST-1282,PROD-110,2024-10-04,3,Completed
ORD-13866,CUST-1273,PROD-100,2024-10-05,4,Completed
ORD-14177,CUST-1357,PROD-109,2024-10-05,1,Completed
ORD-10832,CUST-1406,PROD-113,2024-10-05,2,Completed
ORD-12131,CUST-1351,PROD-121,2024-10-06,1,Completed
ORD-14702,CUST-1241,PROD-117,2024-10-07,2,Completed
ORD-13179,CUST-1485,PROD-112,2024-10-08,1,Cancelled
ORD-10767,CUST-1126,PROD-122,2024-10-08,2,Completed
ORD-10655,CUST-1269,PROD-119,2024-10-10,1,Completed
ORD-10830,CUST-1008,PROD-114,2024-10-10,1,Completed
ORD-10463,CUST-1019,PROD-119,2024-10-10,2,Completed
ORD-12977,CUST-1149,PROD-102,2024-10-10,1,Completed
ORD-13010,CUST-1133,PROD-118,2024-10-10,5,Completed
ORD-11656,CUST-1305,PROD-113,2024-10-10,1,Completed
ORD-11678,CUST-1239,PROD-103,2024-10-10,1,Completed
ORD-11086,CUST-1467,PROD-129,2024-10-11,2,Completed
ORD-12769,CUST-1474,PROD-116,2024-10-11,1,Completed
ORD-10926,CUST-1124,PROD-109,2024-10-11,2,Completed
ORD-14385,CUST-1352,PROD-106,2024-10-11,1,Completed
ORD-12579,CUST-1297,PROD-121,2024-10-11,3,Returned
ORD-12329,CUST-1007,PROD-118,2024-10-11,1,Completed
ORD-11697,CUST-1453,PROD-112,2024-10-12,1,Completed
ORD-12662,CUST-1454,PROD-126,2024-10-12,1,Completed
ORD-13740,CUST-1444,PROD-108,2024-10-13,1,Completed
ORD-10034,CUST-1253,PROD-122,2024-10-13,1,Completed
ORD-13569,CUST-1007,PROD-103,2024-10-14,1,Completed
ORD-14663,CUST-1199,PROD-110,2024-10-15,3,Completed
ORD-12928,CUST-1022,PROD-111,2024-10-15,1,Completed
ORD-14129,CUST-1154,PROD-121,2024-10-15,1,Completed
ORD-12352,CUST-1064,PROD-109,2024-10-15,5,Completed
ORD-11538,CUST-1248,PROD-111,2024-10-16,4,Completed
ORD-12759,CUST-1208,PROD-117,2024-10-16,1,Completed
ORD-11466,CUST-1229,PROD-121,2024-10-17,1,Completed
ORD-12321,CUST-1112,PROD-105,2024-10-18,1,Completed
ORD-10510,CUST-1160,PROD-119,2024-10-18,2,Returned
ORD-14592,CUST-1253,PROD-125,2024-10-18,1,Completed
ORD-14583,CUST-1232,PROD-120,2024-10-18,1,Completed
ORD-12245,CUST-1019,PROD-101,2024-10-19,3,Completed
ORD-11300,CUST-1457,PROD-105,2024-10-20,1,Cancelled
ORD-11093,CUST-1402,PROD-111,2024-10-20,1,Cancelled
ORD-11542,CUST-1427,PROD-124,2024-10-21,1,Completed
ORD-10122,CUST-1112,PROD-123,2024-10-21,1,Returned
ORD-11910,CUST-1334,PROD-112,2024-10-22,1,Completed
ORD-12820,CUST-1486,PROD-112,2024-10-22,2,Completed
ORD-12356,CUST-1222,PROD-128,2024-10-22,1,Completed
ORD-10498,CUST-1400,PROD-100,2024-10-23,3,Completed
ORD-10804,CUST-1426,PROD-122,2024-10-24,1,Completed
ORD-14456,CUST-1077,PROD-125,2024-10-24,1,Completed
ORD-14044,CUST-1069,PROD-124,2024-10-24,1,Returned
ORD-14780,CUST-1462,PROD-122,2024-10-24,1,Completed
ORD-11975,CUST-1474,PROD-107,2024-10-24,1,Cancelled
ORD-14181,CUST-1482,PROD-118,2024-10-25,1,Completed
ORD-13240,CUST-1055,PROD-104,2024-10-26,1,Returned
ORD-10669,CUST-1469,PROD-126,2024-10-27,1,Completed
ORD-13471,CUST-1044,PROD-108,2024-10-27,1,Completed
ORD-14645,CUST-1486,PROD-120,2024-10-28,1,Completed
ORD-10595,CUST-1306,PROD-100,2024-10-28,2,Completed
ORD-10593,CUST-1480,PROD-114,2024-10-28,1,Completed
ORD-13794,CUST-1135,PROD-106,2024-10-28,3,Completed
ORD-14845,CUST-1247,PROD-127,2024-10-28,1,Completed
ORD-10892,CUST-1109,PROD-117,2024-10-30,2,Completed
ORD-12651,CUST-1487,PROD-103,2024-10-31,1,Completed
ORD-12498,CUST-1023,PROD-110,2024-10-31,1,Completed
ORD-10876,CUST-1342,PROD-129,2024-10-31,3,Completed
ORD-13868,CUST-1270,PROD-126,2024-11-01,1,Completed
ORD-14596,CUST-1144,PROD-106,2024-11-01,1,Completed
ORD-12643,CUST-1324,PROD-107,2024-11-01,1,Completed
ORD-14700,CUST-1082,PROD-119,2024-11-02,1,Returned
ORD-10166,CUST-1294,PROD-115,2024-11-02,1,Returned
ORD-13317,CUST-1433,PROD-116,2024-11-02,2,Returned
ORD-14463,CUST-1449,PROD-116,2024-11-02,1,Completed
ORD-10749,CUST-1270,PROD-107,2024-11-03,3,Completed
ORD-11449,CUST-1475,PROD-100,2024-11-03,1,Returned
ORD-10602,CUST-1453,PROD-127,2024-11-03,1,Completed
ORD-13575,CUST-1021,PROD-128,2024-11-05,1,Completed
ORD-11391,CUST-1370,PROD-125,2024-11-06,5,Completed
ORD-10156,CUST-1055,PROD-122,2024-11-06,5,Completed
ORD-12489,CUST-1384,PROD-112,2024-11-07,2,Cancelled
ORD-10032,CUST-1384,PROD-126,2024-11-07,4,Completed
ORD-12936,CUST-1126,PROD-110,2024-11-07,1,Returned
ORD-11732,CUST-1324,PROD-121,2024-11-08,2,Completed
ORD-12112,CUST-1275,PROD-111,2024-11-08,2,Completed
ORD-11204,CUST-1305,PROD-121,2024-11-08,1,Completed
ORD-13687,CUST-1090,PROD-108,2024-11-09,2,Cancelled
ORD-14026,CUST-1330,PROD-108,2024-11-09,1,Completed
ORD-12348,CUST-1351,PROD-101,2024-11-10,1,Completed
ORD-10081,CUST-1259,PROD-122,2024-11-10,3,Completed
ORD-13437,CUST-1273,PROD-100,2024-11-11,3,Completed
ORD-13253,CUST-1118,PROD-119,2024-11-11,2,Returned
ORD-14609,CUST-1055,PROD-110,2024-11-11,3,Completed
ORD-14188,CUST-1466,PROD-101,2024-11-11,4,Returned
ORD-14118,CUST-1389,PROD-109,2024-11-12,1,Completed
ORD-13748,CUST-1352,PROD-120,2024-11-13,3,Completed
ORD-13259,CUST-1309,PROD-129,2024-11-13,3,Cancelled
ORD-14837,CUST-1273,PROD-111,2024-11-13,1,Returned
ORD-12550,CUST-1367,PROD-101,2024-11-13,1,Completed
ORD-11447,CUST-1465,PROD-113,2024-11-14,4,Completed
ORD-10316,CUST-1430,PROD-118,2024-11-14,3,Completed
ORD-11265,CUST-1277,PROD-109,2024-11-14,3,Completed
ORD-12706,CUST-1159,PROD-106,2024-11-14,4,Completed
ORD-10799,CUST-1135,PROD-118,2024-11-15,2,Completed
ORD-11129,CUST-1209,PROD-105,2024-11-15,1,Completed
ORD-13763,CUST-1367,PROD-126,2024-11-16,1,Completed
ORD-11261,CUST-1002,PROD-120,2024-11-16,1,Completed
ORD-10650,CUST-1320,PROD-120,2024-11-17,5,Completed
ORD-11908,CUST-1344,PROD-113,2024-11-18,1,Completed
ORD-11970,CUST-1130,PROD-115,2024-11-20,2,Completed
ORD-12768,CUST-1177,PROD-129,2024-11-20,4,Completed
ORD-10718,CUST-1444,PROD-125,2024-11-20,1,Completed
ORD-11547,CUST-1454,PROD-103,2024-11-21,1,Completed
ORD-11745,CUST-1322,PROD-115,2024-11-21,2,Completed
ORD-14969,CUST-1404,PROD-116,2024-11-21,1,Completed
ORD-14599,CUST-1447,PROD-117,2024-11-21,1,Completed
ORD-13902,CUST-1121,PROD-107,2024-11-21,1,Completed
ORD-13878,CUST-1089,PROD-125,2024-11-21,1,Completed
ORD-13241,CUST-1209,PROD-109,2024-11-22,2,Completed
ORD-11152,CUST-1161,PROD-107,2024-11-22,1,Completed
ORD-10532,CUST-1035,PROD-118,2024-11-23,1,Completed
ORD-14883,CUST-1317,PROD-108,2024-11-23,2,Returned
ORD-14841,CUST-1198,PROD-104,2024-11-24,1,Completed
ORD-12128,CUST-1433,PROD-119,2024-11-24,3,Completed
ORD-12125,CUST-1386,PROD-118,2024-11-24,4,Completed
ORD-14140,CUST-1179,PROD-113,2024-11-25,4,Completed
ORD-11217,CUST-1393,PROD-115,2024-11-25,1,Completed
ORD-14809,CUST-1317,PROD-118,2024-11-25,2,Completed
ORD-10233,CUST-1209,PROD-124,2024-11-25,2,Completed
ORD-13444,CUST-1129,PROD-109,2024-11-27,1,Completed
ORD-10450,CUST-1298,PROD-118,2024-11-27,1,Completed
ORD-11313,CUST-1339,PROD-126,2024-11-28,2,Completed
ORD-12810,CUST-1049,PROD-100,2024-11-28,1,Cancelled
ORD-10184,CUST-1328,PROD-101,2024-11-28,1,Completed
ORD-14926,CUST-1158,PROD-122,2024-11-29,2,Completed
ORD-10241,CUST-1108,PROD-121,2024-11-30,1,Cancelled
ORD-12237,CUST-1166,PROD-115,2024-11-30,1,Completed
ORD-13157,CUST-1218,PROD-114,2024-12-01,4,Completed
ORD-14785,CUST-1459,PROD-127,2024-12-01,2,Completed
ORD-12833,CUST-1161,PROD-107,2024-12-01,1,Completed
ORD-14672,CUST-1016,PROD-124,2024-12-02,1,Cancelled
ORD-14067,CUST-1353,PROD-127,2024-12-03,1,Completed
ORD-11584,CUST-1279,PROD-104,2024-12-03,2,Completed
ORD-12000,CUST-1492,PROD-126,2024-12-03,1,Completed
ORD-13275,CUST-1137,PROD-120,2024-12-04,1,Returned
ORD-12042,CUST-1074,PROD-104,2024-12-04,1,Completed
ORD-14650,CUST-1032,PROD-102,2024-12-04,2,Completed
ORD-11483,CUST-1232,PROD-119,2024-12-04,1,Completed
ORD-13716,CUST-1156,PROD-122,2024-12-04,2,Completed
ORD-14137,CUST-1179,PROD-101,2024-12-05,2,Completed
ORD-11877,CUST-1475,PROD-110,2024-12-05,1,Completed
ORD-14377,CUST-1140,PROD-123,2024-12-05,1,Returned
ORD-14104,CUST-1176,PROD-120,2024-12-05,4,Completed
ORD-12250,CUST-1400,PROD-120,2024-12-05,3,Completed
ORD-11105,CUST-1014,PROD-114,2024-12-06,3,Completed
ORD-11737,CUST-1218,PROD-114,2024-12-08,2,Cancelled
ORD-12227,CUST-1426,PROD-100,2024-12-09,2,Completed
ORD-13210,CUST-1014,PROD-105,2024-12-10,5,Completed
ORD-10989,CUST-1492,PROD-122,2024-12-13,1,Completed
ORD-11468,CUST-1455,PROD-121,2024-12-13,1,Completed
ORD-12997,CUST-1456,PROD-111,2024-12-14,2,Completed
ORD-14701,CUST-1345,PROD-102,2024-12-14,1,Completed
ORD-11230,CUST-1273,PROD-100,2024-12-15,1,Completed
ORD-14340,CUST-1351,PROD-116,2024-12-15,5,Completed
ORD-10965,CUST-1234,PROD-109,2024-12-15,1,Completed
ORD-12610,CUST-1293,PROD-125,2024-12-15,2,Completed
ORD-14294,CUST-1316,PROD-116,2024-12-17,5,Completed
ORD-11738,CUST-1443,PROD-108,2024-12-17,1,Completed
ORD-10338,CUST-1275,PROD-116,2024-12-17,5,Completed
ORD-11555,CUST-1459,PROD-124,2024-12-18,1,Completed
ORD-12572,CUST-1346,PROD-107,2024-12-19,1,Completed
ORD-13806,CUST-1244,PROD-120,2024-12-19,1,Completed
ORD-11401,CUST-1488,PROD-105,2024-12-19,1,Completed
ORD-13004,CUST-1330,PROD-119,2024-12-20,4,Completed
ORD-11646,CUST-1270,PROD-112,2024-12-20,4,Completed
ORD-12104,CUST-1140,PROD-100,2024-12-20,2,Completed
ORD-11071,CUST-1002,PROD-107,2024-12-21,3,Completed
ORD-11897,CUST-1377,PROD-127,2024-12-21,3,Completed
ORD-12465,CUST-1467,PROD-128,2024-12-21,1,Completed
ORD-11049,CUST-1058,PROD-107,2024-12-22,1,Completed
ORD-11679,CUST-1283,PROD-102,2024-12-23,1,Completed
ORD-14191,CUST-1401,PROD-111,2024-12-23,1,Completed
ORD-10959,CUST-1291,PROD-121,2024-12-23,1,Completed
ORD-13989,CUST-1212,PROD-113,2024-12-23,2,Completed
ORD-12960,CUST-1493,PROD-113,2024-12-24,3,Completed
ORD-10756,CUST-1322,PROD-111,2024-12-24,3,Completed
ORD-12844,CUST-1222,PROD-110,2024-12-24,1,Completed
ORD-14746,CUST-1478,PROD-115,2024-12-25,1,Completed
ORD-11996,CUST-1340,PROD-114,2024-12-25,1,Completed
ORD-10853,CUST-1246,PROD-116,2024-12-25,5,Completed
ORD-12460,CUST-1317,PROD-127,2024-12-26,3,Completed
ORD-10880,CUST-1339,PROD-128,2024-12-26,3,Completed
ORD-14178,CUST-1294,PROD-124,2024-12-28,2,Returned
ORD-12354,CUST-1277,PROD-110,2024-12-29,2,Completed
ORD-10372,CUST-1456,PROD-115,2024-12-30,1,Completed
ORD-14230,CUST-1484,PROD-119,2024-12-30,1,Completed
ORD-13941,CUST-1198,PROD-114,2024-12-30,5,Returned
ORD-12771,CUST-1161,PROD-125,2024-12-30,1,Completed
ORD-11937,CUST-1133,PROD-108,2024-12-31,1,Completed
ORD-11765,CUST-1306,PROD-119,2024-12-31,1,Cancelled
ORD-14906,CUST-1063,PROD-107,2024-12-31,3,Completed
ORD-14390,CUST-1135,PROD-105,2024-12-31,3,Completed
ORD-12400,CUST-1294,PROD-109,2024-12-31,1,Completed
ORD-14562,CUST-1192,PROD-128,2025-01-01,1,Completed
ORD-10313,CUST-1073,PROD-109,2025-01-01,1,Completed
ORD-11098,CUST-1049,PROD-102,2025-01-01,3,Completed
ORD-14275,CUST-1160,PROD-126,2025-01-02,1,Completed
ORD-12095,CUST-1469,PROD-108,2025-01-02,2,Completed
ORD-14698,CUST-1313,PROD-110,2025-01-03,2,Completed
ORD-10191,CUST-1294,PROD-117,2025-01-04,3,Returned
ORD-11412,CUST-1404,PROD-127,2025-01-04,1,Cancelled
ORD-14590,CUST-1258,PROD-113,2025-01-04,1,Completed
ORD-11806,CUST-1346,PROD-102,2025-01-04,1,Completed
ORD-10000,CUST-1361,PROD-105,2025-01-05,1,Completed
ORD-13270,CUST-1135,PROD-111,2025-01-06,1,Completed
ORD-13476,CUST-1024,PROD-105,2025-01-06,1,Completed
ORD-10113,CUST-1118,PROD-118,2025-01-09,1,Completed
ORD-10286,CUST-1316,PROD-121,2025-01-09,1,Returned
ORD-10931,CUST-1484,PROD-114,2025-01-09,1,Completed
ORD-10178,CUST-1049,PROD-125,2025-01-09,2,Completed
ORD-14273,CUST-1177,PROD-114,2025-01-09,1,Returned
ORD-10438,CUST-1492,PROD-118,2025-01-10,2,Completed
ORD-10983,CUST-1499,PROD-124,2025-01-10,1,Completed
ORD-13404,CUST-1020,PROD-126,2025-01-11,2,Completed
ORD-13300,CUST-1456,PROD-122,2025-01-11,1,Completed
ORD-11410,CUST-1088,PROD-124,2025-01-12,1,Completed
ORD-13856,CUST-1135,PROD-107,2025-01-12,1,Completed
ORD-12085,CUST-1345,PROD-109,2025-01-12,2,Completed
ORD-10120,CUST-1488,PROD-102,2025-01-12,1,Cancelled
ORD-13044,CUST-1389,PROD-125,2025-01-12,1,Completed
ORD-13148,CUST-1057,PROD-107,2025-01-12,3,Completed
ORD-14824,CUST-1131,PROD-119,2025-01-13,2,Completed
ORD-12765,CUST-1022,PROD-126,2025-01-13,3,Completed
ORD-13058,CUST-1201,PROD-113,2025-01-14,1,Completed
ORD-13654,CUST-1297,PROD-106,2025-01-14,2,Completed
ORD-12868,CUST-1481,PROD-127,2025-01-14,2,Completed
ORD-10947,CUST-1144,PROD-105,2025-01-15,4,Completed
ORD-10067,CUST-1247,PROD-129,2025-01-16,1,Completed
ORD-10465,CUST-1007,PROD-105,2025-01-16,2,Completed
ORD-14646,CUST-1419,PROD-123,2025-01-17,1,Completed
ORD-14346,CUST-1496,PROD-103,2025-01-18,1,Completed
ORD-14516,CUST-1182,PROD-122,2025-01-18,1,Completed
ORD-13503,CUST-1018,PROD-129,2025-01-18,1,Completed
ORD-13322,CUST-1112,PROD-110,2025-01-18,1,Completed
ORD-13952,CUST-1485,PROD-105,2025-01-19,1,Cancelled
ORD-10208,CUST-1110,PROD-109,2025-01-19,2,Completed
ORD-14040,CUST-1319,PROD-102,2025-01-19,2,Completed
ORD-11995,CUST-1016,PROD-100,2025-01-19,4,Completed
ORD-13306,CUST-1404,PROD-116,2025-01-20,1,Completed
ORD-14979,CUST-1285,PROD-107,2025-01-20,1,Completed
ORD-10929,CUST-1259,PROD-129,2025-01-20,2,Cancelled
ORD-14564,CUST-1002,PROD-111,2025-01-21,2,Completed
ORD-12979,CUST-1298,PROD-124,2025-01-21,3,Completed
ORD-13990,CUST-1492,PROD-120,2025-01-21,1,Completed
ORD-14409,CUST-1355,PROD-112,2025-01-22,1,Completed
ORD-13836,CUST-1078,PROD-108,2025-01-22,1,Cancelled
ORD-12201,CUST-1479,PROD-103,2025-01-23,1,Completed
ORD-10097,CUST-1248,PROD-113,2025-01-23,1,Completed
ORD-14953,CUST-1012,PROD-114,2025-01-23,2,Completed
ORD-10103,CUST-1489,PROD-120,2025-01-24,2,Completed
ORD-11894,CUST-1460,PROD-113,2025-01-24,1,Completed
ORD-10630,CUST-1198,PROD-108,2025-01-25,1,Completed
ORD-10236,CUST-1217,PROD-106,2025-01-25,2,Completed
ORD-12302,CUST-1071,PROD-121,2025-01-25,1,Returned
ORD-12678,CUST-1366,PROD-129,2025-01-26,2,Completed
ORD-13707,CUST-1027,PROD-118,2025-01-26,1,Completed
ORD-12074,CUST-1273,PROD-108,2025-01-27,2,Completed
ORD-12990,CUST-1301,PROD-123,2025-01-28,2,Completed
ORD-14076,CUST-1016,PROD-103,2025-01-28,1,Completed
ORD-10340,CUST-1241,PROD-115,2025-01-28,1,Completed
ORD-10181,CUST-1457,PROD-115,2025-01-28,3,Completed
ORD-10673,CUST-1369,PROD-108,2025-01-28,1,Completed
ORD-14752,CUST-1055,PROD-115,2025-01-29,2,Completed
ORD-12021,CUST-1088,PROD-116,2025-01-29,1,Completed
ORD-11932,CUST-1270,PROD-119,2025-01-29,3,Returned
ORD-10709,CUST-1382,PROD-114,2025-01-30,1,Completed
ORD-10957,CUST-1110,PROD-113,2025-01-31,2,Completed
ORD-10086,CUST-1435,PROD-109,2025-01-31,1,Completed
ORD-12954,CUST-1317,PROD-121,2025-01-31,2,Returned
ORD-10944,CUST-1261,PROD-125,2025-02-01,1,Completed
ORD-14611,CUST-1089,PROD-103,2025-02-01,2,Completed
ORD-11351,CUST-1435,PROD-114,2025-02-02,1,Completed
ORD-10413,CUST-1046,PROD-103,2025-02-03,2,Completed
ORD-13820,CUST-1078,PROD-109,2025-02-04,1,Completed
ORD-10027,CUST-1078,PROD-110,2025-02-04,1,Completed
ORD-11783,CUST-1170,PROD-104,2025-02-04,1,Completed
ORD-10328,CUST-1285,PROD-100,2025-02-05,1,Cancelled
ORD-12350,CUST-1029,PROD-121,2025-02-05,1,Completed
ORD-12614,CUST-1444,PROD-128,2025-02-05,1,Completed
ORD-10758,CUST-1449,PROD-107,2025-02-06,3,Completed
ORD-11827,CUST-1441,PROD-105,2025-02-06,1,Completed
ORD-12200,CUST-1089,PROD-110,2025-02-06,1,Completed
ORD-11973,CUST-1158,PROD-125,2025-02-06,5,Completed
ORD-12459,CUST-1071,PROD-105,2025-02-06,4,Completed
ORD-14170,CUST-1123,PROD-125,2025-02-07,2,Completed
ORD-11752,CUST-1407,PROD-118,2025-02-07,1,Completed
ORD-11088,CUST-1201,PROD-123,2025-02-08,2,Completed
ORD-14737,CUST-1456,PROD-121,2025-02-08,1,Completed
ORD-12278,CUST-1269,PROD-129,2025-02-09,3,Completed
ORD-14625,CUST-1306,PROD-123,2025-02-09,3,Completed
ORD-11934,CUST-1228,PROD-120,2025-02-10,1,Cancelled
ORD-10154,CUST-1161,PROD-109,2025-02-11,2,Returned
ORD-11199,CUST-1397,PROD-103,2025-02-11,1,Completed
ORD-12297,CUST-1470,PROD-121,2025-02-12,2,Completed
ORD-13337,CUST-1019,PROD-123,2025-02-12,1,Cancelled
ORD-11294,CUST-1465,PROD-123,2025-02-12,2,Completed
ORD-10955,CUST-1078,PROD-124,2025-02-12,1,Cancelled
ORD-11657,CUST-1140,PROD-110,2025-02-12,1,Completed
ORD-12993,CUST-1082,PROD-121,2025-02-13,1,Completed
ORD-12039,CUST-1032,PROD-109,2025-02-13,5,Completed
ORD-11025,CUST-1336,PROD-125,2025-02-13,1,Completed
ORD-10923,CUST-1234,PROD-117,2025-02-13,2,Completed
ORD-10764,CUST-1489,PROD-101,2025-02-14,2,Returned
ORD-10636,CUST-1352,PROD-104,2025-02-14,4,Completed
ORD-11733,CUST-1137,PROD-110,2025-02-15,3,Completed
ORD-13956,CUST-1488,PROD-117,2025-02-16,1,Completed
ORD-14142,CUST-1071,PROD-100,2025-02-16,1,Completed
ORD-13631,CUST-1402,PROD-118,2025-02-17,3,Cancelled
ORD-13714,CUST-1313,PROD-120,2025-02-17,3,Returned
ORD-10373,CUST-1156,PROD-125,2025-02-17,2,Returned
ORD-10245,CUST-1499,PROD-113,2025-02-18,1,Completed
ORD-11830,CUST-1430,PROD-115,2025-02-18,1,Completed
ORD-11643,CUST-1179,PROD-105,2025-02-18,1,Completed
ORD-14850,CUST-1273,PROD-124,2025-02-19,2,Completed
ORD-13689,CUST-1352,PROD-120,2025-02-20,1,Completed
ORD-12883,CUST-1241,PROD-128,2025-02-20,3,Completed
ORD-14068,CUST-1137,PROD-112,2025-02-22,1,Cancelled
ORD-10952,CUST-1310,PROD-118,2025-02-22,1,Completed
ORD-13079,CUST-1359,PROD-126,2025-02-22,5,Completed
ORD-14703,CUST-1430,PROD-121,2025-02-23,2,Completed
ORD-12110,CUST-1449,PROD-100,2025-02-23,1,Completed
ORD-12973,CUST-1481,PROD-106,2025-02-24,3,Completed
ORD-12721,CUST-1152,PROD-104,2025-02-24,2,Completed
ORD-13906,CUST-1282,PROD-129,2025-02-25,1,Completed
ORD-12796,CUST-1400,PROD-113,2025-02-25,1,Completed
ORD-13163,CUST-1379,PROD-101,2025-02-25,1,Completed
ORD-12559,CUST-1469,PROD-111,2025-02-25,2,Completed
ORD-12464,CUST-1082,PROD-122,2025-02-26,1,Cancelled
ORD-12663,CUST-1480,PROD-112,2025-02-27,2,Completed
ORD-14685,CUST-1366,PROD-127,2025-02-27,5,Completed
ORD-14648,CUST-1319,PROD-112,2025-02-27,1,Returned
ORD-13060,CUST-1222,PROD-123,2025-02-28,1,Completed
ORD-13646,CUST-1356,PROD-114,2025-02-28,1,Completed
ORD-11002,CUST-1071,PROD-113,2025-02-28,3,Completed
ORD-12755,CUST-1074,PROD-109,2025-02-28,1,Cancelled
ORD-12876,CUST-1074,PROD-109,2025-02-28,2,Completed
ORD-14517,CUST-1012,PROD-116,2025-03-01,2,Returned
ORD-12479,CUST-1161,PROD-108,2025-03-01,1,Completed
ORD-14543,CUST-1023,PROD-125,2025-03-01,2,Completed
ORD-13545,CUST-1153,PROD-100,2025-03-01,3,Completed
ORD-13559,CUST-1063,PROD-110,2025-03-02,2,Completed
ORD-10617,CUST-1465,PROD-104,2025-03-03,1,Returned
ORD-11422,CUST-1218,PROD-110,2025-03-03,2,Completed
ORD-11396,CUST-1071,PROD-108,2025-03-04,2,Completed
ORD-12998,CUST-1283,PROD-110,2025-03-04,2,Completed
ORD-12211,CUST-1020,PROD-108,2025-03-04,1,Completed
ORD-10309,CUST-1198,PROD-120,2025-03-05,1,Completed
ORD-13508,CUST-1404,PROD-100,2025-03-06,1,Completed
ORD-13493,CUST-1189,PROD-115,2025-03-06,1,Completed
ORD-14747,CUST-1299,PROD-129,2025-03-06,2,Completed
ORD-11531,CUST-1171,PROD-114,2025-03-06,1,Cancelled
ORD-14300,CUST-1071,PROD-126,2025-03-06,1,Completed
ORD-13267,CUST-1471,PROD-111,2025-03-07,5,Completed
ORD-12584,CUST-1108,PROD-108,2025-03-07,1,Completed
ORD-11213,CUST-1218,PROD-106,2025-03-08,1,Completed
ORD-14285,CUST-1261,PROD-102,2025-03-08,2,Completed
ORD-10598,CUST-1205,PROD-117,2025-03-08,1,Returned
ORD-10918,CUST-1301,PROD-121,2025-03-09,2,Completed
ORD-13582,CUST-1156,PROD-110,2025-03-09,1,Completed
ORD-10479,CUST-1176,PROD-110,2025-03-09,1,Completed
ORD-14214,CUST-1021,PROD-100,2025-03-09,4,Completed
ORD-11106,CUST-1194,PROD-123,2025-03-09,1,Completed
ORD-14947,CUST-1471,PROD-116,2025-03-10,1,Completed
ORD-10476,CUST-1024,PROD-101,2025-03-10,1,Completed
ORD-11342,CUST-1177,PROD-126,2025-03-11,3,Completed
ORD-11074,CUST-1488,PROD-106,2025-03-11,3,Completed
ORD-12470,CUST-1121,PROD-128,2025-03-11,1,Completed
ORD-14012,CUST-1407,PROD-122,2025-03-11,2,Cancelled
ORD-14944,CUST-1408,PROD-115,2025-03-12,1,Completed
ORD-13708,CUST-1192,PROD-111,2025-03-12,1,Returned
ORD-10055,CUST-1291,PROD-102,2025-03-12,1,Completed
ORD-10492,CUST-1205,PROD-126,2025-03-12,1,Cancelled
ORD-13445,CUST-1369,PROD-119,2025-03-12,2,Completed
ORD-12283,CUST-1305,PROD-129,2025-03-12,1,Completed
ORD-12116,CUST-1174,PROD-124,2025-03-13,1,Completed
ORD-11904,CUST-1222,PROD-106,2025-03-13,2,Completed
ORD-10704,CUST-1239,PROD-108,2025-03-13,5,Completed
ORD-10168,CUST-1088,PROD-109,2025-03-13,1,Completed
ORD-10318,CUST-1021,PROD-120,2025-03-13,1,Returned
ORD-10368,CUST-1185,PROD-102,2025-03-14,1,Completed
ORD-13876,CUST-1469,PROD-125,2025-03-14,3,Completed
ORD-13401,CUST-1384,PROD-123,2025-03-14,1,Completed
ORD-10675,CUST-1236,PROD-119,2025-03-15,1,Completed
ORD-12547,CUST-1447,PROD-116,2025-03-15,3,Cancelled
ORD-13201,CUST-1234,PROD-102,2025-03-16,4,Completed
ORD-10628,CUST-1466,PROD-125,2025-03-16,1,Completed
ORD-12754,CUST-1263,PROD-109,2025-03-16,1,Completed
ORD-10167,CUST-1348,PROD-107,2025-03-16,3,Completed
ORD-12060,CUST-1189,PROD-115,2025-03-17,2,Completed
ORD-10890,CUST-1316,PROD-103,2025-03-17,1,Completed
ORD-14982,CUST-1181,PROD-127,2025-03-18,2,Completed
ORD-11077,CUST-1044,PROD-110,2025-03-19,1,Completed
ORD-12633,CUST-1258,PROD-107,2025-03-19,5,Completed
ORD-12126,CUST-1275,PROD-102,2025-03-19,4,Completed
ORD-12683,CUST-1481,PROD-115,2025-03-20,1,Completed
ORD-13946,CUST-1121,PROD-102,2025-03-20,1,Completed
ORD-12488,CUST-1073,PROD-101,2025-03-20,1,Completed
ORD-14565,CUST-1179,PROD-110,2025-03-21,1,Completed
ORD-11054,CUST-1047,PROD-124,2025-03-21,3,Completed
ORD-12387,CUST-1222,PROD-124,2025-03-21,2,Returned
ORD-11923,CUST-1205,PROD-129,2025-03-21,1,Completed
ORD-11333,CUST-1158,PROD-116,2025-03-21,3,Returned
ORD-11612,CUST-1459,PROD-101,2025-03-22,1,Completed
ORD-11869,CUST-1273,PROD-107,2025-03-22,1,Completed
ORD-14190,CUST-1042,PROD-124,2025-03-22,1,Completed
ORD-12062,CUST-1419,PROD-126,2025-03-22,1,Completed
ORD-14774,CUST-1433,PROD-116,2025-03-23,2,Completed
ORD-11138,CUST-1044,PROD-103,2025-03-24,1,Completed
ORD-11506,CUST-1129,PROD-126,2025-03-24,4,Returned
ORD-14777,CUST-1047,PROD-125,2025-03-25,2,Completed
ORD-14313,CUST-1201,PROD-105,2025-03-25,1,Completed
ORD-10789,CUST-1475,PROD-110,2025-03-25,2,Completed
ORD-13344,CUST-1160,PROD-113,2025-03-26,1,Completed
ORD-13360,CUST-1496,PROD-129,2025-03-26,1,Returned
ORD-11713,CUST-1090,PROD-109,2025-03-26,1,Completed
ORD-12536,CUST-1364,PROD-101,2025-03-27,5,Cancelled
ORD-14335,CUST-1355,PROD-120,2025-03-27,1,Completed
ORD-14836,CUST-1250,PROD-109,2025-03-28,1,Completed
ORD-10548,CUST-1357,PROD-106,2025-03-29,2,Completed
ORD-13916,CUST-1247,PROD-118,2025-03-29,1,Returned
ORD-10777,CUST-1040,PROD-116,2025-03-29,2,Completed
ORD-14553,CUST-1447,PROD-124,2025-03-29,1,Returned
ORD-10210,CUST-1182,PROD-109,2025-03-30,3,Completed
ORD-10613,CUST-1287,PROD-105,2025-03-30,1,Completed
ORD-10936,CUST-1091,PROD-117,2025-03-30,4,Completed
ORD-12825,CUST-1485,PROD-123,2025-03-31,1,Completed
ORD-13677,CUST-1301,PROD-100,2025-03-31,1,Cancelled
ORD-14832,CUST-1457,PROD-119,2025-03-31,1,Completed
ORD-14886,CUST-1488,PROD-110,2025-04-01,4,Completed
ORD-14375,CUST-1117,PROD-108,2025-04-01,1,Completed
ORD-11725,CUST-1209,PROD-124,2025-04-01,1,Completed
ORD-10699,CUST-1160,PROD-127,2025-04-02,1,Completed
ORD-11080,CUST-1095,PROD-109,2025-04-02,2,Completed
ORD-13289,CUST-1189,PROD-105,2025-04-02,1,Completed
ORD-13562,CUST-1447,PROD-113,2025-04-02,1,Completed
ORD-13857,CUST-1112,PROD-125,2025-04-03,1,Returned
ORD-11203,CUST-1078,PROD-102,2025-04-04,1,Completed
ORD-12177,CUST-1204,PROD-115,2025-04-04,1,Completed
ORD-10841,CUST-1279,PROD-118,2025-04-05,1,Cancelled
ORD-10431,CUST-1470,PROD-128,2025-04-05,2,Completed
ORD-13509,CUST-1305,PROD-106,2025-04-05,1,Completed
ORD-14481,CUST-1239,PROD-103,2025-04-06,3,Completed
ORD-11852,CUST-1466,PROD-119,2025-04-08,1,Completed
ORD-14483,CUST-1243,PROD-115,2025-04-11,1,Completed
ORD-12707,CUST-1024,PROD-121,2025-04-12,4,Cancelled
ORD-12424,CUST-1236,PROD-109,2025-04-12,1,Completed
ORD-10823,CUST-1263,PROD-110,2025-04-12,2,Completed
ORD-11274,CUST-1112,PROD-122,2025-04-13,4,Completed
ORD-14734,CUST-1303,PROD-111,2025-04-13,1,Completed
ORD-13086,CUST-1266,PROD-120,2025-04-14,1,Completed
ORD-12711,CUST-1310,PROD-100,2025-04-14,1,Returned
ORD-10160,CUST-1236,PROD-103,2025-04-14,1,Completed
ORD-10058,CUST-1306,PROD-110,2025-04-15,1,Completed
ORD-14162,CUST-1057,PROD-108,2025-04-15,2,Completed
ORD-10544,CUST-1440,PROD-102,2025-04-16,1,Completed
ORD-11579,CUST-1221,PROD-127,2025-04-16,4,Completed
ORD-14291,CUST-1058,PROD-124,2025-04-16,4,Returned
ORD-11616,CUST-1259,PROD-101,2025-04-16,1,Completed
ORD-13214,CUST-1123,PROD-101,2025-04-16,1,Completed
ORD-11893,CUST-1413,PROD-117,2025-04-17,2,Completed
ORD-13717,CUST-1159,PROD-107,2025-04-17,3,Cancelled
ORD-14260,CUST-1174,PROD-110,2025-04-19,1,Completed
ORD-11608,CUST-1338,PROD-110,2025-04-19,1,Returned
ORD-11325,CUST-1090,PROD-103,2025-04-19,1,Completed
ORD-13315,CUST-1091,PROD-125,2025-04-20,1,Completed
ORD-11502,CUST-1183,PROD-109,2025-04-21,2,Completed
ORD-11742,CUST-1073,PROD-107,2025-04-21,1,Completed
ORD-12923,CUST-1404,PROD-110,2025-04-21,1,Returned
ORD-12338,CUST-1403,PROD-128,2025-04-22,1,Completed
ORD-14709,CUST-1308,PROD-120,2025-04-22,3,Completed
ORD-10203,CUST-1386,PROD-121,2025-04-22,1,Completed
ORD-11744,CUST-1092,PROD-113,2025-04-22,1,Completed
ORD-10274,CUST-1344,PROD-100,2025-04-22,1,Completed
ORD-14545,CUST-1248,PROD-104,2025-04-22,1,Completed
ORD-13937,CUST-1016,PROD-114,2025-04-23,1,Completed
ORD-11067,CUST-1480,PROD-112,2025-04-23,2,Completed
ORD-14368,CUST-1352,PROD-114,2025-04-24,1,Completed
ORD-13703,CUST-1113,PROD-107,2025-04-24,1,Completed
ORD-10410,CUST-1147,PROD-117,2025-04-25,1,Completed
ORD-13256,CUST-1093,PROD-100,2025-04-25,1,Completed
ORD-13462,CUST-1249,PROD-127,2025-04-25,2,Completed
ORD-13572,CUST-1029,PROD-106,2025-04-25,1,Completed
ORD-11070,CUST-1228,PROD-118,2025-04-25,2,Completed
ORD-11145,CUST-1261,PROD-125,2025-04-26,1,Completed
ORD-12052,CUST-1135,PROD-103,2025-04-26,3,Completed
ORD-10990,CUST-1222,PROD-104,2025-04-26,1,Completed
ORD-14756,CUST-1255,PROD-115,2025-04-26,5,Completed
ORD-13066,CUST-1487,PROD-111,2025-04-26,2,Completed
ORD-10258,CUST-1029,PROD-101,2025-04-26,3,Completed
ORD-14925,CUST-1032,PROD-128,2025-04-27,2,Completed
ORD-10976,CUST-1092,PROD-127,2025-04-27,2,Returned
ORD-12528,CUST-1475,PROD-115,2025-04-27,4,Completed
ORD-11914,CUST-1328,PROD-120,2025-04-28,2,Completed
ORD-10099,CUST-1131,PROD-101,2025-04-28,1,Completed
ORD-10358,CUST-1255,PROD-121,2025-04-29,1,Completed
ORD-12453,CUST-1333,PROD-103,2025-04-29,1,Completed
ORD-10147,CUST-1208,PROD-117,2025-04-29,2,Completed
ORD-11007,CUST-1313,PROD-106,2025-04-29,1,Returned
ORD-11856,CUST-1144,PROD-107,2025-04-30,3,Completed
ORD-10917,CUST-1035,PROD-102,2025-04-30,2,Completed
ORD-14013,CUST-1447,PROD-114,2025-04-30,5,Completed
ORD-10546,CUST-1285,PROD-126,2025-04-30,1,Completed
ORD-11090,CUST-1072,PROD-113,2025-05-01,2,Completed
ORD-14253,CUST-1352,PROD-117,2025-05-01,1,Completed
ORD-14192,CUST-1239,PROD-108,2025-05-01,1,Completed
ORD-14544,CUST-1018,PROD-122,2025-05-01,4,Completed
ORD-10610,CUST-1029,PROD-120,2025-05-01,1,Completed
ORD-10869,CUST-1344,PROD-112,2025-05-02,1,Completed
ORD-11818,CUST-1260,PROD-106,2025-05-03,1,Completed
ORD-10141,CUST-1084,PROD-107,2025-05-03,2,Completed
ORD-12161,CUST-1212,PROD-124,2025-05-03,4,Completed
ORD-13542,CUST-1189,PROD-119,2025-05-03,1,Returned
ORD-14923,CUST-1466,PROD-104,2025-05-04,1,Completed
ORD-10605,CUST-1397,PROD-106,2025-05-05,3,Completed
ORD-13547,CUST-1183,PROD-128,2025-05-05,4,Completed
ORD-10225,CUST-1044,PROD-104,2025-05-05,1,Completed
ORD-14498,CUST-1472,PROD-114,2025-05-05,1,Completed
ORD-11180,CUST-1113,PROD-121,2025-05-05,1,Completed
ORD-10554,CUST-1079,PROD-129,2025-05-05,5,Returned
ORD-13789,CUST-1074,PROD-121,2025-05-05,2,Completed
ORD-10471,CUST-1301,PROD-102,2025-05-05,1,Completed
ORD-13678,CUST-1313,PROD-122,2025-05-06,1,Completed
ORD-13690,CUST-1422,PROD-124,2025-05-06,2,Completed
ORD-12700,CUST-1100,PROD-128,2025-05-07,1,Completed
ORD-11059,CUST-1174,PROD-126,2025-05-07,1,Returned
ORD-11727,CUST-1014,PROD-101,2025-05-07,1,Returned
ORD-11167,CUST-1000,PROD-121,2025-05-08,2,Completed
ORD-10243,CUST-1137,PROD-115,2025-05-09,2,Completed
ORD-10447,CUST-1035,PROD-115,2025-05-09,1,Cancelled
ORD-12989,CUST-1471,PROD-127,2025-05-09,1,Completed
ORD-10344,CUST-1413,PROD-107,2025-05-09,3,Completed
ORD-11528,CUST-1293,PROD-120,2025-05-10,2,Completed
ORD-14141,CUST-1057,PROD-110,2025-05-10,1,Completed
ORD-10905,CUST-1297,PROD-122,2025-05-10,2,Returned
ORD-11033,CUST-1277,PROD-101,2025-05-10,1,Completed
ORD-14549,CUST-1192,PROD-118,2025-05-13,3,Completed
ORD-12467,CUST-1032,PROD-106,2025-05-13,1,Completed
ORD-12926,CUST-1188,PROD-116,2025-05-13,1,Completed
ORD-11119,CUST-1433,PROD-122,2025-05-13,2,Completed
ORD-13815,CUST-1474,PROD-125,2025-05-13,1,Completed
ORD-10508,CUST-1361,PROD-127,2025-05-14,1,Completed
ORD-11163,CUST-1263,PROD-108,2025-05-14,1,Completed
ORD-14882,CUST-1417,PROD-117,2025-05-14,4,Completed
ORD-14826,CUST-1366,PROD-106,2025-05-14,1,Completed
ORD-10720,CUST-1222,PROD-124,2025-05-14,3,Completed
ORD-13399,CUST-1382,PROD-129,2025-05-15,3,Completed
ORD-12966,CUST-1027,PROD-117,2025-05-15,3,Completed
ORD-11851,CUST-1073,PROD-106,2025-05-15,1,Completed
ORD-12644,CUST-1465,PROD-115,2025-05-15,1,Completed
ORD-14794,CUST-1198,PROD-123,2025-05-16,1,Completed
ORD-10436,CUST-1456,PROD-123,2025-05-16,2,Completed
ORD-12507,CUST-1047,PROD-109,2025-05-17,2,Completed
ORD-14229,CUST-1429,PROD-115,2025-05-17,1,Completed
ORD-10452,CUST-1076,PROD-116,2025-05-17,1,Completed
ORD-14708,CUST-1049,PROD-128,2025-05-18,1,Completed
ORD-14597,CUST-1481,PROD-117,2025-05-18,1,Completed
ORD-12205,CUST-1420,PROD-103,2025-05-18,1,Cancelled
ORD-13882,CUST-1479,PROD-111,2025-05-19,1,Completed
ORD-11863,CUST-1131,PROD-102,2025-05-21,2,Completed
ORD-13173,CUST-1357,PROD-101,2025-05-21,2,Returned
ORD-13376,CUST-1160,PROD-129,2025-05-21,1,Completed
ORD-11406,CUST-1072,PROD-116,2025-05-22,1,Completed
ORD-14566,CUST-1410,PROD-116,2025-05-22,3,Completed
ORD-11024,CUST-1109,PROD-113,2025-05-22,1,Completed
ORD-12674,CUST-1159,PROD-111,2025-05-23,2,Returned
ORD-12750,CUST-1486,PROD-102,2025-05-23,3,Completed
ORD-13356,CUST-1417,PROD-125,2025-05-23,1,Completed
ORD-12366,CUST-1353,PROD-111,2025-05-23,1,Completed
ORD-12409,CUST-1245,PROD-108,2025-05-24,1,Completed
ORD-12531,CUST-1047,PROD-128,2025-05-24,2,Returned
ORD-14400,CUST-1217,PROD-108,2025-05-24,1,Completed
ORD-10384,CUST-1484,PROD-123,2025-05-25,1,Completed
ORD-14825,CUST-1427,PROD-114,2025-05-25,1,Completed
ORD-13860,CUST-1420,PROD-107,2025-05-25,1,Completed
ORD-12671,CUST-1101,PROD-115,2025-05-25,4,Completed
ORD-11134,CUST-1496,PROD-113,2025-05-25,5,Completed
ORD-11919,CUST-1181,PROD-100,2025-05-26,1,Completed
ORD-10254,CUST-1206,PROD-115,2025-05-27,4,Completed
ORD-14671,CUST-1377,PROD-116,2025-05-27,4,Completed
ORD-11539,CUST-1289,PROD-114,2025-05-29,1,Completed
ORD-11172,CUST-1110,PROD-128,2025-05-29,3,Completed
ORD-14691,CUST-1243,PROD-109,2025-05-29,1,Completed
ORD-11470,CUST-1007,PROD-124,2025-05-29,1,Completed
ORD-13287,CUST-1185,PROD-112,2025-05-30,1,Completed
ORD-12310,CUST-1291,PROD-100,2025-05-30,1,Completed
ORD-10092,CUST-1299,PROD-112,2025-06-01,3,Completed
ORD-12443,CUST-1298,PROD-126,2025-06-01,2,Cancelled
ORD-11302,CUST-1095,PROD-119,2025-06-01,1,Returned
ORD-14727,CUST-1079,PROD-119,2025-06-02,1,Completed
ORD-11991,CUST-1140,PROD-111,2025-06-02,2,Completed
ORD-10998,CUST-1195,PROD-128,2025-06-02,1,Completed
ORD-12485,CUST-1485,PROD-129,2025-06-02,4,Cancelled
ORD-14487,CUST-1442,PROD-107,2025-06-03,1,Cancelled
ORD-12761,CUST-1077,PROD-100,2025-06-04,1,Completed
ORD-13528,CUST-1021,PROD-126,2025-06-04,1,Completed
ORD-12149,CUST-1021,PROD-108,2025-06-04,1,Completed
ORD-14031,CUST-1221,PROD-112,2025-06-04,3,Completed
ORD-10582,CUST-1250,PROD-117,2025-06-04,1,Completed
ORD-11949,CUST-1397,PROD-126,2025-06-04,1,Completed
ORD-13867,CUST-1273,PROD-121,2025-06-05,2,Completed
ORD-12817,CUST-1188,PROD-116,2025-06-05,1,Completed
ORD-13737,CUST-1195,PROD-129,2025-06-05,4,Completed
ORD-14601,CUST-1079,PROD-124,2025-06-05,1,Completed
ORD-11588,CUST-1476,PROD-123,2025-06-06,1,Completed
ORD-12970,CUST-1406,PROD-118,2025-06-06,1,Cancelled
ORD-12461,CUST-1044,PROD-120,2025-06-06,2,Completed
ORD-12405,CUST-1299,PROD-112,2025-06-07,1,Completed
ORD-13643,CUST-1152,PROD-118,2025-06-07,2,Completed
ORD-10614,CUST-1221,PROD-128,2025-06-08,1,Completed
ORD-11159,CUST-1021,PROD-127,2025-06-08,2,Completed
ORD-11980,CUST-1218,PROD-115,2025-06-08,2,Completed
ORD-12783,CUST-1333,PROD-125,2025-06-08,1,Completed
ORD-13106,CUST-1251,PROD-118,2025-06-10,1,Cancelled
ORD-14696,CUST-1027,PROD-129,2025-06-10,2,Completed
ORD-10949,CUST-1014,PROD-107,2025-06-11,1,Completed
ORD-13855,CUST-1035,PROD-113,2025-06-11,3,Returned
ORD-12804,CUST-1295,PROD-108,2025-06-11,1,Completed
ORD-13805,CUST-1258,PROD-105,2025-06-11,1,Completed
ORD-10565,CUST-1481,PROD-117,2025-06-11,1,Completed
ORD-10609,CUST-1095,PROD-109,2025-06-11,2,Completed
ORD-13236,CUST-1261,PROD-113,2025-06-12,1,Returned
ORD-14421,CUST-1118,PROD-107,2025-06-13,2,Cancelled
ORD-11123,CUST-1369,PROD-117,2025-06-13,1,Completed
ORD-12596,CUST-1441,PROD-119,2025-06-14,5,Completed
ORD-12168,CUST-1303,PROD-122,2025-06-14,1,Completed
ORD-10458,CUST-1285,PROD-117,2025-06-14,1,Completed
ORD-11992,CUST-1024,PROD-120,2025-06-14,1,Completed
ORD-13363,CUST-1147,PROD-119,2025-06-15,1,Returned
ORD-11407,CUST-1153,PROD-103,2025-06-15,3,Completed
ORD-12988,CUST-1022,PROD-121,2025-06-15,2,Completed
ORD-12816,CUST-1152,PROD-118,2025-06-15,2,Completed
ORD-14660,CUST-1336,PROD-108,2025-06-15,1,Completed
ORD-11791,CUST-1328,PROD-112,2025-06-15,1,Completed
ORD-12292,CUST-1110,PROD-100,2025-06-16,1,Cancelled
ORD-14769,CUST-1226,PROD-103,2025-06-16,1,Completed
ORD-11623,CUST-1034,PROD-119,2025-06-16,1,Completed
ORD-13524,CUST-1129,PROD-119,2025-06-17,2,Completed
ORD-13051,CUST-1342,PROD-124,2025-06-17,1,Completed
ORD-12406,CUST-1118,PROD-107,2025-06-17,1,Completed
ORD-10665,CUST-1470,PROD-102,2025-06-17,1,Completed
ORD-12162,CUST-1221,PROD-108,2025-06-18,2,Completed
ORD-12522,CUST-1066,PROD-118,2025-06-18,2,Completed
ORD-10722,CUST-1212,PROD-122,2025-06-18,5,Completed
ORD-11994,CUST-1287,PROD-118,2025-06-18,2,Returned
ORD-11227,CUST-1324,PROD-129,2025-06-18,1,Completed
ORD-13905,CUST-1161,PROD-115,2025-06-19,3,Completed
ORD-14970,CUST-1147,PROD-101,2025-06-19,2,Completed
ORD-12009,CUST-1039,PROD-128,2025-06-19,1,Completed
ORD-12950,CUST-1035,PROD-101,2025-06-19,1,Completed
ORD-11790,CUST-1372,PROD-125,2025-06-19,3,Completed
ORD-11250,CUST-1261,PROD-117,2025-06-19,1,Returned
ORD-11962,CUST-1218,PROD-120,2025-06-20,1,Completed
ORD-14106,CUST-1093,PROD-108,2025-06-20,2,Completed
ORD-11693,CUST-1381,PROD-125,2025-06-20,3,Completed
ORD-11546,CUST-1305,PROD-125,2025-06-21,3,Completed
ORD-14966,CUST-1222,PROD-103,2025-06-21,1,Completed
ORD-11674,CUST-1434,PROD-101,2025-06-21,2,Completed
ORD-11722,CUST-1355,PROD-125,2025-06-21,1,Completed
ORD-14852,CUST-1403,PROD-106,2025-06-21,1,Completed
ORD-10988,CUST-1443,PROD-123,2025-06-22,1,Completed
ORD-11154,CUST-1351,PROD-115,2025-06-22,1,Completed
ORD-12019,CUST-1426,PROD-111,2025-06-23,4,Cancelled
ORD-14658,CUST-1251,PROD-101,2025-06-23,1,Completed
ORD-10785,CUST-1305,PROD-102,2025-06-23,1,Completed
ORD-10441,CUST-1476,PROD-105,2025-06-23,5,Completed
ORD-11868,CUST-1273,PROD-115,2025-06-25,2,Completed
ORD-12851,CUST-1243,PROD-112,2025-06-25,1,Completed
ORD-11352,CUST-1174,PROD-113,2025-06-25,1,Completed
ORD-11964,CUST-1442,PROD-100,2025-06-25,5,Completed
ORD-10791,CUST-1018,PROD-116,2025-06-26,1,Completed
ORD-13264,CUST-1066,PROD-104,2025-06-26,3,Completed
ORD-10914,CUST-1039,PROD-106,2025-06-28,1,Completed
ORD-12474,CUST-1384,PROD-113,2025-06-29,1,Completed
ORD-12849,CUST-1341,PROD-110,2025-06-29,1,Completed
ORD-11438,CUST-1069,PROD-103,2025-06-29,1,Completed
ORD-10809,CUST-1066,PROD-100,2025-06-29,2,Completed
ORD-13312,CUST-1113,PROD-107,2025-06-29,5,Completed
ORD-14244,CUST-1155,PROD-110,2025-06-30,1,Completed
ORD-10986,CUST-1208,PROD-115,2025-06-30,2,Completed
ORD-13130,CUST-1422,PROD-125,2025-07-01,1,Cancelled
ORD-13400,CUST-1308,PROD-104,2025-07-01,4,Completed
ORD-12312,CUST-1089,PROD-122,2025-07-01,2,Completed
ORD-12518,CUST-1243,PROD-118,2025-07-02,1,Completed
ORD-13589,CUST-1449,PROD-118,2025-07-02,2,Returned
ORD-11257,CUST-1176,PROD-119,2025-07-02,1,Returned
ORD-10742,CUST-1457,PROD-115,2025-07-03,1,Completed
ORD-12571,CUST-1027,PROD-110,2025-07-03,1,Returned
ORD-10265,CUST-1063,PROD-116,2025-07-03,2,Completed
ORD-13767,CUST-1305,PROD-122,2025-07-03,1,Completed
ORD-11306,CUST-1035,PROD-112,2025-07-04,2,Cancelled
ORD-10424,CUST-1100,PROD-125,2025-07-04,1,Returned
ORD-13997,CUST-1492,PROD-125,2025-07-04,1,Completed
ORD-11362,CUST-1170,PROD-108,2025-07-04,1,Returned
ORD-13365,CUST-1013,PROD-124,2025-07-05,1,Returned
ORD-12669,CUST-1341,PROD-103,2025-07-05,1,Completed
ORD-13655,CUST-1399,PROD-109,2025-07-06,3,Completed
ORD-12084,CUST-1088,PROD-110,2025-07-06,2,Completed
ORD-13702,CUST-1333,PROD-110,2025-07-06,4,Completed
ORD-13841,CUST-1465,PROD-120,2025-07-07,3,Completed
ORD-14027,CUST-1299,PROD-123,2025-07-07,1,Completed
ORD-13212,CUST-1103,PROD-122,2025-07-07,2,Completed
ORD-12578,CUST-1417,PROD-111,2025-07-07,5,Completed
ORD-10297,CUST-1188,PROD-129,2025-07-07,2,Cancelled
ORD-14823,CUST-1246,PROD-105,2025-07-07,1,Completed
ORD-13443,CUST-1429,PROD-101,2025-07-07,1,Completed
ORD-10506,CUST-1181,PROD-120,2025-07-08,1,Completed
ORD-13911,CUST-1043,PROD-105,2025-07-08,2,Completed
ORD-11565,CUST-1016,PROD-109,2025-07-08,1,Completed
ORD-14373,CUST-1019,PROD-119,2025-07-09,1,Completed
ORD-14513,CUST-1279,PROD-127,2025-07-09,4,Completed
ORD-11493,CUST-1198,PROD-103,2025-07-09,1,Completed
ORD-13384,CUST-1455,PROD-119,2025-07-09,2,Completed
ORD-11544,CUST-1444,PROD-105,2025-07-10,1,Completed
ORD-14988,CUST-1058,PROD-128,2025-07-11,1,Cancelled
ORD-12269,CUST-1171,PROD-119,2025-07-11,4,Completed
ORD-11309,CUST-1128,PROD-117,2025-07-11,1,Completed
ORD-11978,CUST-1128,PROD-100,2025-07-11,1,Completed
ORD-13186,CUST-1084,PROD-124,2025-07-11,5,Completed
ORD-11931,CUST-1179,PROD-126,2025-07-11,1,Completed
ORD-14968,CUST-1324,PROD-106,2025-07-11,1,Completed
ORD-13613,CUST-1103,PROD-111,2025-07-11,2,Completed
ORD-11254,CUST-1255,PROD-115,2025-07-11,4,Cancelled
ORD-10547,CUST-1342,PROD-106,2025-07-12,1,Completed
ORD-10152,CUST-1339,PROD-125,2025-07-12,2,Completed
ORD-11012,CUST-1379,PROD-126,2025-07-12,1,Completed
ORD-12629,CUST-1341,PROD-106,2025-07-13,1,Cancelled
ORD-11532,CUST-1255,PROD-115,2025-07-13,1,Completed
ORD-13364,CUST-1014,PROD-117,2025-07-13,1,Completed
ORD-14952,CUST-1158,PROD-124,2025-07-14,2,Completed
ORD-11467,CUST-1492,PROD-114,2025-07-14,1,Completed
ORD-12686,CUST-1160,PROD-108,2025-07-14,4,Completed
ORD-12342,CUST-1320,PROD-110,2025-07-15,1,Completed
ORD-14844,CUST-1089,PROD-107,2025-07-15,3,Cancelled
ORD-10680,CUST-1117,PROD-100,2025-07-15,2,Completed
ORD-10660,CUST-1161,PROD-103,2025-07-16,1,Completed
ORD-13899,CUST-1137,PROD-128,2025-07-16,2,Completed
ORD-14139,CUST-1218,PROD-119,2025-07-17,4,Completed
ORD-13587,CUST-1217,PROD-103,2025-07-17,2,Completed
ORD-14932,CUST-1079,PROD-123,2025-07-17,1,Completed
ORD-14189,CUST-1000,PROD-106,2025-07-18,3,Completed
ORD-14005,CUST-1287,PROD-118,2025-07-18,4,Completed
ORD-11885,CUST-1069,PROD-100,2025-07-19,5,Completed
ORD-10204,CUST-1260,PROD-127,2025-07-19,3,Completed
ORD-11888,CUST-1282,PROD-104,2025-07-20,5,Completed
ORD-14972,CUST-1449,PROD-127,2025-07-20,3,Completed
ORD-13377,CUST-1366,PROD-116,2025-07-20,5,Completed
ORD-12598,CUST-1435,PROD-111,2025-07-20,5,Completed
ORD-11640,CUST-1261,PROD-101,2025-07-20,2,Completed
ORD-11586,CUST-1049,PROD-125,2025-07-21,4,Completed
ORD-14051,CUST-1348,PROD-126,2025-07-21,3,Completed
ORD-12331,CUST-1348,PROD-121,2025-07-21,1,Completed
ORD-11055,CUST-1266,PROD-119,2025-07-21,1,Completed
ORD-10971,CUST-1135,PROD-116,2025-07-21,2,Completed
ORD-13888,CUST-1322,PROD-107,2025-07-21,2,Completed
ORD-12718,CUST-1155,PROD-117,2025-07-22,2,Completed
ORD-10783,CUST-1407,PROD-103,2025-07-22,1,Completed
ORD-10423,CUST-1248,PROD-101,2025-07-22,1,Completed
ORD-10537,CUST-1243,PROD-106,2025-07-22,1,Completed
ORD-11606,CUST-1330,PROD-101,2025-07-22,1,Completed
ORD-13614,CUST-1316,PROD-129,2025-07-23,1,Completed
ORD-13395,CUST-1442,PROD-112,2025-07-23,5,Completed
ORD-12435,CUST-1239,PROD-124,2025-07-24,1,Completed
ORD-12141,CUST-1310,PROD-105,2025-07-24,1,Completed
ORD-11666,CUST-1391,PROD-107,2025-07-24,1,Completed
ORD-14934,CUST-1425,PROD-121,2025-07-24,1,Returned
ORD-11281,CUST-1464,PROD-129,2025-07-25,1,Completed
ORD-13574,CUST-1091,PROD-126,2025-07-26,1,Completed
ORD-14986,CUST-1170,PROD-110,2025-07-26,2,Completed
ORD-10484,CUST-1284,PROD-115,2025-07-26,1,Completed
ORD-13923,CUST-1206,PROD-124,2025-07-26,2,Completed
ORD-13273,CUST-1023,PROD-126,2025-07-27,3,Completed
ORD-11917,CUST-1471,PROD-108,2025-07-27,2,Returned
ORD-11064,CUST-1379,PROD-100,2025-07-27,1,Completed
ORD-14325,CUST-1346,PROD-126,2025-07-27,2,Completed
ORD-12137,CUST-1419,PROD-103,2025-07-27,2,Cancelled
ORD-13619,CUST-1222,PROD-116,2025-07-28,1,Completed
ORD-11320,CUST-1446,PROD-119,2025-07-28,1,Completed
ORD-10844,CUST-1426,PROD-122,2025-07-29,3,Completed
ORD-14342,CUST-1493,PROD-120,2025-07-29,1,Completed
ORD-11499,CUST-1346,PROD-124,2025-07-29,1,Completed
ORD-12826,CUST-1320,PROD-128,2025-07-29,2,Completed
ORD-13439,CUST-1351,PROD-118,2025-07-29,1,Completed
ORD-13517,CUST-1020,PROD-123,2025-07-29,1,Returned
ORD-14469,CUST-1466,PROD-126,2025-07-30,3,Completed
ORD-13076,CUST-1063,PROD-124,2025-07-30,1,Completed
ORD-11971,CUST-1342,PROD-111,2025-07-30,1,Completed
ORD-13730,CUST-1305,PROD-104,2025-07-30,2,Completed
ORD-14684,CUST-1174,PROD-129,2025-07-30,3,Completed
ORD-13887,CUST-1419,PROD-101,2025-07-31,1,Completed
ORD-10400,CUST-1397,PROD-104,2025-07-31,1,Completed
ORD-10935,CUST-1233,PROD-117,2025-07-31,2,Completed
ORD-14717,CUST-1028,PROD-122,2025-07-31,3,Completed
ORD-11911,CUST-1049,PROD-112,2025-08-01,1,Cancelled
ORD-11716,CUST-1222,PROD-123,2025-08-01,5,Completed
ORD-11889,CUST-1071,PROD-116,2025-08-01,2,Cancelled
ORD-13657,CUST-1123,PROD-102,2025-08-02,2,Completed
ORD-14643,CUST-1123,PROD-112,2025-08-02,1,Completed
ORD-12701,CUST-1342,PROD-100,2025-08-02,1,Completed
ORD-13842,CUST-1189,PROD-109,2025-08-03,2,Completed
ORD-13152,CUST-1429,PROD-113,2025-08-03,1,Returned
ORD-14676,CUST-1263,PROD-106,2025-08-04,1,Completed
ORD-11481,CUST-1346,PROD-102,2025-08-04,2,Returned
ORD-13588,CUST-1377,PROD-119,2025-08-04,1,Cancelled
ORD-14594,CUST-1322,PROD-106,2025-08-04,1,Completed
ORD-12322,CUST-1088,PROD-112,2025-08-04,1,Completed
ORD-13504,CUST-1255,PROD-102,2025-08-05,1,Completed
ORD-10343,CUST-1160,PROD-109,2025-08-05,1,Completed
ORD-14075,CUST-1034,PROD-129,2025-08-05,3,Completed
ORD-10467,CUST-1158,PROD-124,2025-08-06,1,Completed
ORD-12058,CUST-1460,PROD-119,2025-08-06,3,Completed
ORD-11441,CUST-1283,PROD-109,2025-08-06,1,Completed
ORD-14715,CUST-1299,PROD-121,2025-08-07,5,Completed
ORD-12403,CUST-1430,PROD-116,2025-08-07,1,Completed
ORD-14147,CUST-1425,PROD-102,2025-08-07,2,Completed
ORD-10209,CUST-1431,PROD-121,2025-08-07,1,Completed
ORD-10477,CUST-1018,PROD-119,2025-08-07,3,Completed
ORD-14514,CUST-1092,PROD-123,2025-08-08,5,Completed
ORD-11928,CUST-1342,PROD-116,2025-08-08,1,Completed
ORD-13608,CUST-1215,PROD-111,2025-08-08,1,Completed
ORD-14722,CUST-1255,PROD-113,2025-08-08,1,Completed
ORD-14901,CUST-1440,PROD-120,2025-08-08,1,Completed
ORD-14163,CUST-1089,PROD-108,2025-08-09,1,Completed
ORD-12014,CUST-1255,PROD-120,2025-08-09,3,Completed
ORD-11625,CUST-1107,PROD-109,2025-08-09,1,Completed
ORD-13816,CUST-1044,PROD-109,2025-08-09,1,Completed
ORD-12641,CUST-1129,PROD-109,2025-08-10,1,Completed
ORD-13156,CUST-1270,PROD-112,2025-08-10,1,Completed
ORD-14158,CUST-1361,PROD-116,2025-08-10,4,Completed
ORD-11131,CUST-1435,PROD-108,2025-08-10,1,Completed
ORD-14694,CUST-1489,PROD-119,2025-08-10,2,Completed
ORD-12030,CUST-1236,PROD-103,2025-08-11,1,Completed
ORD-13126,CUST-1353,PROD-124,2025-08-11,4,Completed
ORD-12288,CUST-1431,PROD-112,2025-08-11,1,Completed
ORD-14247,CUST-1381,PROD-117,2025-08-11,2,Completed
ORD-10705,CUST-1072,PROD-104,2025-08-12,1,Completed
ORD-14298,CUST-1203,PROD-101,2025-08-12,1,Returned
ORD-11802,CUST-1364,PROD-101,2025-08-13,3,Returned
ORD-11344,CUST-1194,PROD-129,2025-08-13,5,Cancelled
ORD-14619,CUST-1158,PROD-110,2025-08-13,1,Completed
ORD-10972,CUST-1118,PROD-126,2025-08-13,1,Completed
ORD-14396,CUST-1091,PROD-121,2025-08-13,1,Completed
ORD-14620,CUST-1338,PROD-109,2025-08-14,1,Completed
ORD-13625,CUST-1166,PROD-113,2025-08-15,1,Completed
ORD-13052,CUST-1343,PROD-109,2025-08-15,5,Returned
ORD-14003,CUST-1113,PROD-126,2025-08-17,2,Cancelled
ORD-13660,CUST-1291,PROD-114,2025-08-17,1,Completed
ORD-12259,CUST-1124,PROD-108,2025-08-17,1,Completed
ORD-10357,CUST-1043,PROD-104,2025-08-18,4,Completed
ORD-11721,CUST-1313,PROD-107,2025-08-18,1,Completed
ORD-14914,CUST-1062,PROD-110,2025-08-18,1,Completed
ORD-12145,CUST-1259,PROD-100,2025-08-18,1,Completed
ORD-14360,CUST-1241,PROD-108,2025-08-19,1,Completed
ORD-12427,CUST-1289,PROD-121,2025-08-19,1,Completed
ORD-11918,CUST-1393,PROD-119,2025-08-20,3,Completed
ORD-10004,CUST-1446,PROD-112,2025-08-20,1,Completed
ORD-11082,CUST-1263,PROD-105,2025-08-20,2,Completed
ORD-13809,CUST-1073,PROD-116,2025-08-20,1,Completed
ORD-13667,CUST-1252,PROD-107,2025-08-20,1,Completed
ORD-10850,CUST-1126,PROD-113,2025-08-20,1,Completed
ORD-14683,CUST-1131,PROD-127,2025-08-21,2,Completed
ORD-11110,CUST-1133,PROD-113,2025-08-22,1,Completed
ORD-13538,CUST-1292,PROD-118,2025-08-22,2,Completed
ORD-13412,CUST-1445,PROD-122,2025-08-22,1,Completed
ORD-14772,CUST-1481,PROD-117,2025-08-23,3,Returned
ORD-13041,CUST-1266,PROD-113,2025-08-23,1,Completed
ORD-11242,CUST-1114,PROD-104,2025-08-23,1,Returned
ORD-10652,CUST-1431,PROD-100,2025-08-23,2,Returned
ORD-12915,CUST-1209,PROD-100,2025-08-23,2,Completed
ORD-11201,CUST-1239,PROD-126,2025-08-23,1,Completed
ORD-13093,CUST-1459,PROD-115,2025-08-23,1,Completed
ORD-14587,CUST-1313,PROD-100,2025-08-24,3,Completed
ORD-14103,CUST-1181,PROD-116,2025-08-24,1,Completed
ORD-13282,CUST-1141,PROD-110,2025-08-24,1,Completed
ORD-10024,CUST-1466,PROD-114,2025-08-26,1,Completed
ORD-12623,CUST-1170,PROD-125,2025-08-26,3,Completed
ORD-11876,CUST-1200,PROD-123,2025-08-26,3,Completed
ORD-11079,CUST-1235,PROD-103,2025-08-27,2,Completed
ORD-12612,CUST-1260,PROD-100,2025-08-27,1,Completed
ORD-12564,CUST-1206,PROD-127,2025-08-27,3,Cancelled
ORD-10977,CUST-1199,PROD-110,2025-08-27,5,Completed
ORD-10819,CUST-1425,PROD-113,2025-08-27,1,Completed
ORD-10064,CUST-1206,PROD-120,2025-08-27,2,Completed
ORD-13985,CUST-1175,PROD-127,2025-08-28,4,Completed
ORD-11772,CUST-1496,PROD-125,2025-08-28,1,Completed
ORD-13921,CUST-1379,PROD-129,2025-08-28,1,Completed
ORD-14504,CUST-1124,PROD-109,2025-08-28,4,Returned
ORD-13846,CUST-1210,PROD-123,2025-08-28,1,Completed
ORD-14956,CUST-1055,PROD-108,2025-08-29,2,Completed
ORD-13784,CUST-1148,PROD-112,2025-08-29,1,Completed
ORD-14666,CUST-1487,PROD-118,2025-08-30,1,Completed
ORD-11592,CUST-1250,PROD-124,2025-08-30,2,Completed
ORD-10879,CUST-1404,PROD-100,2025-08-30,1,Completed
ORD-10333,CUST-1236,PROD-112,2025-08-31,2,Completed
ORD-12077,CUST-1159,PROD-124,2025-09-01,1,Completed
ORD-13455,CUST-1338,PROD-107,2025-09-01,5,Completed
ORD-11182,CUST-1346,PROD-120,2025-09-01,1,Completed
ORD-10501,CUST-1078,PROD-110,2025-09-01,1,Completed
ORD-12220,CUST-1141,PROD-129,2025-09-02,3,Completed
ORD-10754,CUST-1270,PROD-111,2025-09-02,1,Completed
ORD-14343,CUST-1317,PROD-122,2025-09-02,1,Completed
ORD-14082,CUST-1240,PROD-124,2025-09-02,1,Completed
ORD-13551,CUST-1356,PROD-121,2025-09-02,2,Completed
ORD-12509,CUST-1062,PROD-127,2025-09-03,2,Completed
ORD-14818,CUST-1343,PROD-107,2025-09-04,2,Completed
ORD-14971,CUST-1259,PROD-118,2025-09-04,1,Completed
ORD-13258,CUST-1454,PROD-103,2025-09-04,1,Completed
ORD-13518,CUST-1429,PROD-123,2025-09-04,5,Returned
ORD-14943,CUST-1444,PROD-123,2025-09-06,1,Completed
ORD-13880,CUST-1399,PROD-112,2025-09-06,2,Completed
ORD-10017,CUST-1455,PROD-102,2025-09-06,1,Completed
ORD-11270,CUST-1132,PROD-108,2025-09-07,5,Completed
ORD-10080,CUST-1279,PROD-123,2025-09-07,1,Completed
ORD-11235,CUST-1201,PROD-118,2025-09-07,2,Returned
ORD-14576,CUST-1271,PROD-115,2025-09-08,5,Completed
ORD-14333,CUST-1430,PROD-104,2025-09-08,1,Completed
ORD-14146,CUST-1425,PROD-118,2025-09-08,1,Completed
ORD-12311,CUST-1379,PROD-122,2025-09-09,1,Completed
ORD-13822,CUST-1177,PROD-113,2025-09-09,2,Completed
ORD-14431,CUST-1167,PROD-117,2025-09-09,1,Cancelled
ORD-10198,CUST-1277,PROD-125,2025-09-09,1,Completed
ORD-10217,CUST-1166,PROD-101,2025-09-09,2,Cancelled
ORD-14166,CUST-1470,PROD-127,2025-09-09,1,Completed
ORD-12532,CUST-1183,PROD-118,2025-09-10,1,Completed
ORD-10261,CUST-1182,PROD-126,2025-09-10,3,Completed
ORD-12577,CUST-1465,PROD-111,2025-09-10,1,Cancelled
ORD-14795,CUST-1284,PROD-103,2025-09-11,1,Completed
ORD-12877,CUST-1470,PROD-102,2025-09-11,3,Completed
ORD-11636,CUST-1462,PROD-113,2025-09-11,1,Completed
ORD-11705,CUST-1255,PROD-118,2025-09-11,5,Completed
ORD-10866,CUST-1004,PROD-128,2025-09-11,1,Returned
ORD-13540,CUST-1343,PROD-123,2025-09-11,1,Completed
ORD-11008,CUST-1149,PROD-107,2025-09-12,1,Completed
ORD-14427,CUST-1359,PROD-116,2025-09-12,1,Completed
ORD-11878,CUST-1053,PROD-126,2025-09-12,2,Completed
ORD-14783,CUST-1055,PROD-121,2025-09-13,1,Returned
ORD-11526,CUST-1404,PROD-124,2025-09-13,1,Completed
ORD-11965,CUST-1215,PROD-114,2025-09-13,1,Completed
ORD-10351,CUST-1205,PROD-125,2025-09-13,1,Completed
ORD-10795,CUST-1430,PROD-129,2025-09-13,1,Completed
ORD-14531,CUST-1229,PROD-113,2025-09-13,1,Cancelled
ORD-14762,CUST-1082,PROD-104,2025-09-14,3,Completed
ORD-12508,CUST-1442,PROD-120,2025-09-14,3,Completed
ORD-13340,CUST-1145,PROD-126,2025-09-14,2,Completed
ORD-10891,CUST-1205,PROD-118,2025-09-14,1,Completed
ORD-14316,CUST-1399,PROD-104,2025-09-14,1,Completed
ORD-10515,CUST-1029,PROD-127,2025-09-14,3,Completed
ORD-10993,CUST-1246,PROD-108,2025-09-14,5,Completed
ORD-14100,CUST-1258,PROD-115,2025-09-15,1,Completed
ORD-12840,CUST-1087,PROD-108,2025-09-15,2,Completed
ORD-14465,CUST-1243,PROD-108,2025-09-15,2,Completed
ORD-13519,CUST-1459,PROD-101,2025-09-15,2,Completed
ORD-10213,CUST-1234,PROD-103,2025-09-16,5,Completed
ORD-12959,CUST-1333,PROD-127,2025-09-16,1,Completed
ORD-13634,CUST-1431,PROD-104,2025-09-16,1,Completed
ORD-12624,CUST-1490,PROD-109,2025-09-16,1,Completed
ORD-14307,CUST-1484,PROD-117,2025-09-17,1,Completed
ORD-11841,CUST-1148,PROD-119,2025-09-17,1,Cancelled
ORD-14984,CUST-1212,PROD-126,2025-09-17,1,Cancelled
ORD-11017,CUST-1016,PROD-109,2025-09-17,4,Completed
ORD-12866,CUST-1166,PROD-104,2025-09-18,1,Completed
ORD-14386,CUST-1303,PROD-103,2025-09-18,1,Completed
ORD-13831,CUST-1143,PROD-106,2025-09-18,3,Completed
ORD-10317,CUST-1023,PROD-105,2025-09-19,1,Completed
ORD-14151,CUST-1169,PROD-107,2025-09-19,1,Completed
ORD-12588,CUST-1113,PROD-116,2025-09-19,1,Completed
ORD-13321,CUST-1339,PROD-110,2025-09-19,1,Completed
ORD-12294,CUST-1203,PROD-120,2025-09-20,1,Completed
ORD-11684,CUST-1480,PROD-108,2025-09-20,2,Completed
ORD-14554,CUST-1422,PROD-103,2025-09-20,1,Completed
ORD-11508,CUST-1335,PROD-121,2025-09-20,1,Completed
ORD-13200,CUST-1141,PROD-121,2025-09-20,1,Completed
ORD-13974,CUST-1431,PROD-126,2025-09-20,1,Completed
ORD-11986,CUST-1182,PROD-128,2025-09-21,2,Completed
ORD-12847,CUST-1153,PROD-117,2025-09-21,1,Completed
ORD-12710,CUST-1077,PROD-119,2025-09-21,2,Completed
ORD-13771,CUST-1310,PROD-125,2025-09-22,1,Completed
ORD-12814,CUST-1035,PROD-116,2025-09-22,1,Completed
ORD-11881,CUST-1499,PROD-105,2025-09-23,1,Completed
ORD-12344,CUST-1364,PROD-111,2025-09-23,1,Completed
ORD-12885,CUST-1433,PROD-128,2025-09-23,1,Completed
ORD-13800,CUST-1086,PROD-112,2025-09-23,1,Completed
ORD-11066,CUST-1032,PROD-115,2025-09-23,2,Cancelled
ORD-10029,CUST-1048,PROD-116,2025-09-24,3,Completed
ORD-14305,CUST-1091,PROD-120,2025-09-24,1,Completed
ORD-10994,CUST-1486,PROD-119,2025-09-24,1,Completed
ORD-14224,CUST-1360,PROD-122,2025-09-24,2,Completed
ORD-13644,CUST-1472,PROD-100,2025-09-24,2,Completed
ORD-10981,CUST-1269,PROD-129,2025-09-24,1,Returned
ORD-14983,CUST-1073,PROD-103,2025-09-24,1,Completed
ORD-11953,CUST-1487,PROD-117,2025-09-24,2,Completed
ORD-10683,CUST-1192,PROD-115,2025-09-25,1,Completed
ORD-11301,CUST-1361,PROD-119,2025-09-25,1,Completed
ORD-13336,CUST-1495,PROD-116,2025-09-25,5,Cancelled
ORD-12558,CUST-1175,PROD-101,2025-09-25,2,Completed
ORD-13313,CUST-1249,PROD-116,2025-09-25,2,Completed
ORD-12357,CUST-1099,PROD-104,2025-09-25,3,Completed
ORD-10405,CUST-1278,PROD-110,2025-09-26,1,Completed
ORD-11807,CUST-1358,PROD-110,2025-09-26,1,Completed
ORD-14871,CUST-1189,PROD-102,2025-09-26,1,Completed
ORD-11209,CUST-1278,PROD-121,2025-09-27,1,Cancelled
ORD-13366,CUST-1042,PROD-103,2025-09-27,4,Completed
ORD-10524,CUST-1441,PROD-121,2025-09-27,1,Completed
ORD-10419,CUST-1466,PROD-110,2025-09-27,2,Completed
ORD-13431,CUST-1235,PROD-122,2025-09-27,4,Completed
ORD-10252,CUST-1170,PROD-107,2025-09-27,1,Completed
ORD-12821,CUST-1420,PROD-111,2025-09-27,1,Completed
ORD-14442,CUST-1142,PROD-104,2025-09-28,1,Cancelled
ORD-10661,CUST-1271,PROD-115,2025-09-28,1,Completed
ORD-13485,CUST-1133,PROD-103,2025-09-28,1,Completed
ORD-13458,CUST-1266,PROD-119,2025-09-28,2,Cancelled
ORD-13576,CUST-1043,PROD-111,2025-09-29,1,Completed
ORD-10169,CUST-1174,PROD-100,2025-09-29,1,Returned
ORD-10531,CUST-1062,PROD-103,2025-09-29,1,Completed
ORD-10616,CUST-1479,PROD-125,2025-09-29,5,Completed
ORD-11444,CUST-1413,PROD-105,2025-09-29,1,Completed
ORD-11540,CUST-1053,PROD-124,2025-09-29,1,Completed
ORD-13197,CUST-1201,PROD-106,2025-09-30,1,Completed
ORD-14628,CUST-1258,PROD-107,2025-09-30,4,Completed
ORD-11561,CUST-1126,PROD-111,2025-09-30,1,Completed
ORD-12050,CUST-1057,PROD-117,2025-09-30,2,Completed
ORD-13893,CUST-1200,PROD-123,2025-09-30,1,Returned
ORD-11581,CUST-1251,PROD-113,2025-10-01,1,Completed
ORD-14523,CUST-1437,PROD-116,2025-10-01,1,Completed
ORD-13373,CUST-1062,PROD-116,2025-10-01,1,Completed
ORD-10692,CUST-1406,PROD-100,2025-10-02,1,Completed
ORD-14782,CUST-1486,PROD-125,2025-10-02,1,Completed
ORD-12072,CUST-1408,PROD-103,2025-10-02,1,Completed
ORD-13834,CUST-1389,PROD-106,2025-10-02,2,Completed
ORD-12317,CUST-1189,PROD-127,2025-10-02,1,Completed
ORD-10737,CUST-1485,PROD-115,2025-10-02,4,Returned
ORD-14767,CUST-1401,PROD-125,2025-10-02,1,Returned
ORD-13057,CUST-1395,PROD-108,2025-10-03,1,Completed
ORD-13696,CUST-1109,PROD-103,2025-10-03,1,Completed
ORD-12746,CUST-1062,PROD-100,2025-10-03,1,Completed
ORD-12228,CUST-1204,PROD-118,2025-10-03,1,Completed
ORD-13536,CUST-1370,PROD-122,2025-10-03,1,Completed
ORD-10232,CUST-1089,PROD-115,2025-10-03,2,Returned
ORD-13371,CUST-1487,PROD-127,2025-10-04,1,Completed
ORD-14194,CUST-1177,PROD-119,2025-10-04,1,Completed
ORD-11190,CUST-1007,PROD-117,2025-10-04,2,Returned
ORD-11695,CUST-1068,PROD-113,2025-10-04,3,Completed
ORD-10417,CUST-1282,PROD-105,2025-10-05,1,Completed
ORD-10401,CUST-1212,PROD-112,2025-10-05,1,Completed
ORD-11714,CUST-1274,PROD-109,2025-10-05,1,Returned
ORD-10397,CUST-1285,PROD-115,2025-10-06,2,Completed
ORD-11822,CUST-1189,PROD-122,2025-10-06,4,Returned
ORD-14069,CUST-1210,PROD-124,2025-10-07,3,Returned
ORD-13250,CUST-1480,PROD-125,2025-10-07,4,Completed
ORD-14887,CUST-1464,PROD-100,2025-10-08,2,Completed
ORD-12910,CUST-1420,PROD-115,2025-10-08,1,Returned
ORD-13641,CUST-1224,PROD-113,2025-10-08,1,Completed
ORD-12099,CUST-1487,PROD-123,2025-10-08,5,Completed
ORD-13207,CUST-1069,PROD-113,2025-10-09,1,Completed
ORD-11652,CUST-1016,PROD-119,2025-10-09,1,Completed
ORD-13174,CUST-1277,PROD-109,2025-10-09,2,Completed
ORD-13482,CUST-1355,PROD-124,2025-10-09,1,Completed
ORD-10724,CUST-1271,PROD-114,2025-10-09,1,Completed
ORD-13664,CUST-1217,PROD-128,2025-10-09,2,Completed
ORD-10329,CUST-1464,PROD-104,2025-10-09,1,Completed
ORD-11374,CUST-1255,PROD-102,2025-10-10,1,Completed
ORD-11244,CUST-1090,PROD-106,2025-10-10,1,Completed
ORD-13278,CUST-1408,PROD-102,2025-10-10,1,Completed
ORD-12582,CUST-1285,PROD-119,2025-10-10,5,Completed
ORD-14668,CUST-1098,PROD-114,2025-10-10,2,Returned
ORD-13198,CUST-1417,PROD-114,2025-10-10,1,Completed
ORD-10741,CUST-1170,PROD-118,2025-10-10,5,Completed
ORD-14674,CUST-1340,PROD-111,2025-10-11,1,Completed
ORD-13709,CUST-1308,PROD-127,2025-10-11,1,Completed
ORD-12684,CUST-1020,PROD-113,2025-10-11,5,Completed
ORD-10101,CUST-1358,PROD-103,2025-10-12,3,Completed
ORD-14000,CUST-1234,PROD-122,2025-10-13,1,Completed
ORD-13171,CUST-1095,PROD-107,2025-10-13,1,Returned
ORD-11065,CUST-1366,PROD-112,2025-10-13,3,Completed
ORD-10746,CUST-1179,PROD-118,2025-10-13,2,Completed
ORD-12013,CUST-1066,PROD-123,2025-10-13,1,Completed
ORD-11160,CUST-1245,PROD-129,2025-10-13,1,Completed
ORD-10259,CUST-1431,PROD-101,2025-10-14,4,Completed
ORD-14861,CUST-1149,PROD-105,2025-10-14,2,Completed
ORD-14551,CUST-1403,PROD-117,2025-10-14,2,Returned
ORD-14157,CUST-1246,PROD-111,2025-10-14,5,Completed
ORD-13038,CUST-1259,PROD-102,2025-10-14,1,Completed
ORD-14241,CUST-1453,PROD-109,2025-10-14,3,Completed
ORD-10525,CUST-1395,PROD-122,2025-10-14,3,Completed
ORD-10353,CUST-1110,PROD-125,2025-10-14,1,Completed
ORD-10490,CUST-1247,PROD-116,2025-10-14,1,Cancelled
ORD-11810,CUST-1165,PROD-117,2025-10-15,2,Completed
ORD-13134,CUST-1273,PROD-103,2025-10-15,1,Completed
ORD-12440,CUST-1143,PROD-121,2025-10-16,2,Completed
ORD-10354,CUST-1099,PROD-108,2025-10-16,1,Completed
ORD-12709,CUST-1291,PROD-122,2025-10-16,2,Completed
ORD-13915,CUST-1081,PROD-118,2025-10-16,1,Completed
ORD-10842,CUST-1366,PROD-121,2025-10-16,1,Completed
ORD-10487,CUST-1062,PROD-106,2025-10-17,1,Completed
ORD-12414,CUST-1426,PROD-121,2025-10-17,1,Completed
ORD-10130,CUST-1399,PROD-122,2025-10-17,1,Completed
ORD-14598,CUST-1112,PROD-113,2025-10-17,1,Completed
ORD-14600,CUST-1250,PROD-120,2025-10-18,1,Completed
ORD-11311,CUST-1081,PROD-113,2025-10-18,1,Completed
ORD-11031,CUST-1107,PROD-128,2025-10-18,1,Completed
ORD-11845,CUST-1287,PROD-124,2025-10-18,1,Completed
ORD-13329,CUST-1319,PROD-106,2025-10-19,2,Completed
ORD-13147,CUST-1177,PROD-114,2025-10-19,1,Completed
ORD-10601,CUST-1352,PROD-113,2025-10-19,1,Completed
ORD-13779,CUST-1079,PROD-126,2025-10-20,1,Completed
ORD-14764,CUST-1145,PROD-116,2025-10-20,5,Completed
ORD-10725,CUST-1486,PROD-120,2025-10-20,3,Completed
ORD-12823,CUST-1316,PROD-105,2025-10-20,5,Completed
ORD-12016,CUST-1053,PROD-114,2025-10-21,1,Cancelled
ORD-13577,CUST-1386,PROD-118,2025-10-21,1,Completed
ORD-12525,CUST-1437,PROD-104,2025-10-21,4,Completed
ORD-13854,CUST-1358,PROD-110,2025-10-21,1,Cancelled
ORD-14240,CUST-1492,PROD-117,2025-10-21,1,Completed
ORD-12716,CUST-1021,PROD-129,2025-10-22,5,Completed
ORD-12767,CUST-1165,PROD-125,2025-10-22,1,Completed
ORD-13362,CUST-1422,PROD-121,2025-10-22,2,Completed
ORD-11816,CUST-1496,PROD-110,2025-10-22,4,Completed
ORD-11256,CUST-1334,PROD-108,2025-10-23,1,Completed
ORD-11595,CUST-1022,PROD-122,2025-10-23,2,Completed
ORD-11688,CUST-1105,PROD-117,2025-10-23,2,Completed
ORD-12549,CUST-1431,PROD-124,2025-10-23,1,Completed
ORD-11951,CUST-1058,PROD-128,2025-10-24,1,Completed
ORD-12501,CUST-1261,PROD-112,2025-10-24,1,Completed
ORD-14713,CUST-1217,PROD-125,2025-10-25,2,Cancelled
ORD-12040,CUST-1319,PROD-109,2025-10-25,3,Completed
ORD-12500,CUST-1098,PROD-101,2025-10-25,1,Completed
ORD-13688,CUST-1293,PROD-112,2025-10-25,1,Completed
ORD-10559,CUST-1381,PROD-126,2025-10-25,1,Returned
ORD-11615,CUST-1425,PROD-110,2025-10-26,1,Completed
ORD-12446,CUST-1053,PROD-109,2025-10-26,1,Completed
ORD-14218,CUST-1259,PROD-103,2025-10-26,1,Completed
ORD-12916,CUST-1212,PROD-103,2025-10-26,1,Completed
ORD-14530,CUST-1399,PROD-126,2025-10-26,3,Completed
ORD-13995,CUST-1064,PROD-125,2025-10-27,2,Completed
ORD-12645,CUST-1169,PROD-122,2025-10-27,1,Completed
ORD-13193,CUST-1166,PROD-101,2025-10-27,5,Completed
ORD-10797,CUST-1161,PROD-110,2025-10-27,5,Returned
ORD-12451,CUST-1299,PROD-113,2025-10-27,2,Completed
ORD-13904,CUST-1142,PROD-124,2025-10-27,2,Completed
ORD-14131,CUST-1008,PROD-103,2025-10-28,1,Completed
ORD-10534,CUST-1240,PROD-104,2025-10-28,5,Completed
ORD-12140,CUST-1068,PROD-114,2025-10-28,2,Returned
ORD-12938,CUST-1407,PROD-123,2025-10-28,1,Completed
ORD-13308,CUST-1140,PROD-118,2025-10-29,1,Completed
ORD-13988,CUST-1156,PROD-109,2025-10-29,1,Returned
ORD-13000,CUST-1141,PROD-107,2025-10-29,2,Completed
ORD-12853,CUST-1095,PROD-101,2025-10-29,1,Completed
ORD-12147,CUST-1489,PROD-111,2025-10-29,1,Completed
ORD-14365,CUST-1406,PROD-126,2025-10-29,2,Completed
ORD-11600,CUST-1058,PROD-129,2025-10-30,4,Completed
ORD-13624,CUST-1239,PROD-129,2025-10-30,3,Completed
ORD-14989,CUST-1035,PROD-125,2025-10-30,2,Completed
ORD-12466,CUST-1317,PROD-116,2025-10-30,3,Returned
ORD-11453,CUST-1133,PROD-117,2025-10-30,2,Completed
ORD-14310,CUST-1423,PROD-110,2025-10-30,2,Completed
ORD-12231,CUST-1116,PROD-128,2025-10-30,2,Completed
ORD-13189,CUST-1251,PROD-110,2025-10-30,1,Completed
ORD-12290,CUST-1467,PROD-101,2025-10-31,1,Returned
ORD-10051,CUST-1455,PROD-129,2025-10-31,5,Completed
ORD-10681,CUST-1285,PROD-128,2025-10-31,1,Returned
ORD-13808,CUST-1215,PROD-120,2025-10-31,2,Completed
ORD-10202,CUST-1425,PROD-111,2025-10-31,1,Completed
ORD-14552,CUST-1308,PROD-128,2025-11-01,1,Completed
ORD-10240,CUST-1073,PROD-122,2025-11-01,5,Completed
ORD-10728,CUST-1251,PROD-129,2025-11-01,1,Completed
ORD-10708,CUST-1029,PROD-112,2025-11-01,1,Completed
ORD-10416,CUST-1195,PROD-120,2025-11-02,3,Completed
ORD-13474,CUST-1402,PROD-126,2025-11-02,2,Completed
ORD-11252,CUST-1068,PROD-116,2025-11-02,3,Completed
ORD-12922,CUST-1471,PROD-124,2025-11-02,2,Cancelled
ORD-10772,CUST-1259,PROD-110,2025-11-02,5,Completed
ORD-14173,CUST-1293,PROD-126,2025-11-02,1,Completed
ORD-10488,CUST-1408,PROD-109,2025-11-02,3,Completed
ORD-12538,CUST-1081,PROD-104,2025-11-03,5,Completed
ORD-14391,CUST-1413,PROD-116,2025-11-03,5,Completed
ORD-14107,CUST-1391,PROD-122,2025-11-03,2,Completed
ORD-10070,CUST-1354,PROD-121,2025-11-03,1,Completed
ORD-10006,CUST-1328,PROD-116,2025-11-03,1,Completed
ORD-14686,CUST-1315,PROD-105,2025-11-03,2,Completed
ORD-14228,CUST-1350,PROD-115,2025-11-04,3,Completed
ORD-13731,CUST-1485,PROD-112,2025-11-04,2,Completed
ORD-10369,CUST-1379,PROD-109,2025-11-04,3,Completed
ORD-14546,CUST-1149,PROD-105,2025-11-04,2,Completed
ORD-13510,CUST-1235,PROD-106,2025-11-04,1,Completed
ORD-14289,CUST-1068,PROD-124,2025-11-05,1,Completed
ORD-12419,CUST-1251,PROD-108,2025-11-05,1,Completed
ORD-13408,CUST-1084,PROD-118,2025-11-05,1,Completed
ORD-10888,CUST-1236,PROD-117,2025-11-05,1,Completed
ORD-11525,CUST-1303,PROD-127,2025-11-05,1,Completed
ORD-11824,CUST-1279,PROD-119,2025-11-05,2,Completed
ORD-11421,CUST-1151,PROD-100,2025-11-06,1,Completed
ORD-11443,CUST-1036,PROD-104,2025-11-06,1,Completed
ORD-14805,CUST-1354,PROD-122,2025-11-06,1,Completed
ORD-13827,CUST-1063,PROD-105,2025-11-06,1,Completed
ORD-14457,CUST-1305,PROD-126,2025-11-06,1,Completed
ORD-10658,CUST-1233,PROD-125,2025-11-07,4,Completed
ORD-13330,CUST-1267,PROD-122,2025-11-07,1,Completed
ORD-13769,CUST-1274,PROD-100,2025-11-07,1,Completed
ORD-11451,CUST-1274,PROD-109,2025-11-07,3,Returned
ORD-14813,CUST-1155,PROD-117,2025-11-07,1,Completed
ORD-14808,CUST-1292,PROD-129,2025-11-07,2,Completed
ORD-13695,CUST-1210,PROD-107,2025-11-07,4,Completed
ORD-14538,CUST-1175,PROD-121,2025-11-08,1,Completed
ORD-11514,CUST-1357,PROD-129,2025-11-08,2,Completed
ORD-14352,CUST-1188,PROD-124,2025-11-08,1,Completed
ORD-10300,CUST-1346,PROD-123,2025-11-09,1,Completed
ORD-12242,CUST-1218,PROD-122,2025-11-09,1,Completed
ORD-14428,CUST-1132,PROD-115,2025-11-09,5,Completed
ORD-13840,CUST-1155,PROD-106,2025-11-10,2,Completed
ORD-14849,CUST-1142,PROD-106,2025-11-10,1,Completed
ORD-13080,CUST-1116,PROD-113,2025-11-10,1,Returned
ORD-14420,CUST-1133,PROD-126,2025-11-10,1,Completed
ORD-13522,CUST-1359,PROD-111,2025-11-11,2,Completed
ORD-12606,CUST-1269,PROD-113,2025-11-11,1,Completed
ORD-12235,CUST-1372,PROD-121,2025-11-11,1,Completed
ORD-11556,CUST-1204,PROD-102,2025-11-12,2,Completed
ORD-10223,CUST-1112,PROD-115,2025-11-12,1,Completed
ORD-13026,CUST-1401,PROD-114,2025-11-13,1,Completed
ORD-11828,CUST-1240,PROD-109,2025-11-13,1,Completed
ORD-10336,CUST-1035,PROD-118,2025-11-13,1,Returned
ORD-12561,CUST-1142,PROD-109,2025-11-13,1,Completed
ORD-14811,CUST-1353,PROD-113,2025-11-13,1,Completed
ORD-10951,CUST-1413,PROD-124,2025-11-14,1,Completed
ORD-12411,CUST-1087,PROD-115,2025-11-14,2,Completed
ORD-10938,CUST-1158,PROD-112,2025-11-15,2,Completed
ORD-12918,CUST-1175,PROD-121,2025-11-15,1,Completed
ORD-11860,CUST-1002,PROD-103,2025-11-15,1,Completed
ORD-11048,CUST-1129,PROD-115,2025-11-15,3,Completed
ORD-11631,CUST-1243,PROD-125,2025-11-15,1,Completed
ORD-11650,CUST-1308,PROD-127,2025-11-17,1,Cancelled
ORD-12308,CUST-1433,PROD-121,2025-11-17,1,Completed
ORD-14279,CUST-1235,PROD-108,2025-11-17,1,Completed
ORD-10314,CUST-1209,PROD-123,2025-11-17,1,Completed
ORD-10302,CUST-1241,PROD-109,2025-11-18,1,Cancelled
ORD-11557,CUST-1044,PROD-104,2025-11-18,1,Completed
ORD-11373,CUST-1496,PROD-121,2025-11-18,2,Completed
ORD-11762,CUST-1397,PROD-113,2025-11-18,2,Completed
ORD-12845,CUST-1066,PROD-116,2025-11-19,1,Completed
ORD-14083,CUST-1368,PROD-114,2025-11-19,5,Completed
ORD-11454,CUST-1497,PROD-120,2025-11-19,1,Completed
ORD-13909,CUST-1188,PROD-111,2025-11-19,2,Completed
ORD-12554,CUST-1189,PROD-124,2025-11-19,2,Cancelled
ORD-11993,CUST-1142,PROD-122,2025-11-19,1,Cancelled
ORD-11289,CUST-1346,PROD-121,2025-11-19,1,Completed
ORD-14038,CUST-1335,PROD-124,2025-11-19,1,Completed
ORD-12670,CUST-1068,PROD-109,2025-11-19,2,Completed
ORD-13626,CUST-1022,PROD-113,2025-11-19,1,Completed
ORD-10775,CUST-1368,PROD-103,2025-11-20,3,Completed
ORD-13978,CUST-1270,PROD-100,2025-11-20,1,Completed
ORD-12857,CUST-1032,PROD-115,2025-11-21,4,Completed
ORD-11660,CUST-1140,PROD-107,2025-11-21,1,Completed
ORD-13145,CUST-1044,PROD-104,2025-11-21,1,Cancelled
ORD-12713,CUST-1132,PROD-121,2025-11-21,2,Completed
ORD-13515,CUST-1445,PROD-108,2025-11-21,1,Completed
ORD-10967,CUST-1203,PROD-116,2025-11-22,1,Completed
ORD-12803,CUST-1253,PROD-122,2025-11-22,1,Completed
ORD-11029,CUST-1135,PROD-117,2025-11-22,2,Completed
ORD-14710,CUST-1489,PROD-125,2025-11-22,1,Completed
ORD-13304,CUST-1208,PROD-121,2025-11-22,1,Completed
ORD-10459,CUST-1185,PROD-100,2025-11-22,1,Completed
ORD-10625,CUST-1266,PROD-110,2025-11-22,1,Completed
ORD-12859,CUST-1412,PROD-125,2025-11-23,2,Completed
ORD-10281,CUST-1128,PROD-125,2025-11-24,2,Completed
ORD-12027,CUST-1292,PROD-107,2025-11-24,1,Completed
ORD-11909,CUST-1089,PROD-113,2025-11-25,1,Completed
ORD-13927,CUST-1098,PROD-100,2025-11-25,1,Completed
ORD-13706,CUST-1091,PROD-101,2025-11-26,1,Returned
ORD-11769,CUST-1013,PROD-107,2025-11-26,3,Completed
ORD-12305,CUST-1319,PROD-115,2025-11-26,3,Completed
ORD-12309,CUST-1210,PROD-125,2025-11-26,2,Returned
ORD-12132,CUST-1087,PROD-103,2025-11-26,1,Completed
ORD-11750,CUST-1081,PROD-104,2025-11-27,1,Completed
ORD-13111,CUST-1354,PROD-105,2025-11-27,2,Completed
ORD-13573,CUST-1480,PROD-127,2025-11-27,1,Completed
ORD-10497,CUST-1234,PROD-100,2025-11-27,1,Completed
ORD-13178,CUST-1209,PROD-121,2025-11-27,1,Returned
ORD-11096,CUST-1179,PROD-119,2025-11-27,1,Completed
ORD-14246,CUST-1142,PROD-103,2025-11-27,3,Completed
ORD-13385,CUST-1141,PROD-118,2025-11-27,1,Completed
ORD-11358,CUST-1479,PROD-129,2025-11-28,1,Completed
ORD-14499,CUST-1320,PROD-121,2025-11-28,1,Completed
ORD-12665,CUST-1040,PROD-120,2025-11-28,5,Completed
ORD-14284,CUST-1338,PROD-111,2025-11-28,2,Completed
ORD-13583,CUST-1039,PROD-115,2025-11-28,1,Completed
ORD-14136,CUST-1204,PROD-106,2025-11-28,2,Completed
ORD-12090,CUST-1094,PROD-114,2025-11-28,1,Completed
ORD-14900,CUST-1422,PROD-122,2025-11-28,1,Completed
ORD-14121,CUST-1029,PROD-112,2025-11-29,1,Completed
ORD-14172,CUST-1113,PROD-113,2025-11-29,1,Completed
ORD-12846,CUST-1036,PROD-115,2025-11-30,1,Completed
ORD-13792,CUST-1155,PROD-125,2025-11-30,1,Completed
ORD-13526,CUST-1143,PROD-116,2025-11-30,1,Completed
ORD-13112,CUST-1319,PROD-129,2025-11-30,1,Completed
ORD-12499,CUST-1410,PROD-118,2025-11-30,1,Completed
ORD-11598,CUST-1142,PROD-119,2025-11-30,2,Completed
ORD-10694,CUST-1403,PROD-111,2025-11-30,2,Completed
ORD-14778,CUST-1060,PROD-111,2025-12-01,5,Returned
ORD-14659,CUST-1019,PROD-105,2025-12-01,1,Cancelled
ORD-12256,CUST-1100,PROD-108,2025-12-02,1,Completed
ORD-13002,CUST-1071,PROD-123,2025-12-03,1,Completed
ORD-10521,CUST-1315,PROD-121,2025-12-03,2,Completed
ORD-14655,CUST-1142,PROD-109,2025-12-03,2,Completed
ORD-12383,CUST-1292,PROD-120,2025-12-03,1,Completed
ORD-14578,CUST-1105,PROD-112,2025-12-03,2,Completed
ORD-14569,CUST-1341,PROD-101,2025-12-03,2,Completed
ORD-13225,CUST-1131,PROD-129,2025-12-03,1,Returned
ORD-11664,CUST-1425,PROD-109,2025-12-04,1,Completed
ORD-10857,CUST-1203,PROD-121,2025-12-04,1,Completed
ORD-12534,CUST-1215,PROD-127,2025-12-04,1,Completed
ORD-14657,CUST-1016,PROD-126,2025-12-04,2,Completed
ORD-12133,CUST-1141,PROD-103,2025-12-04,1,Completed
ORD-14617,CUST-1457,PROD-119,2025-12-04,1,Completed
ORD-13166,CUST-1081,PROD-104,2025-12-04,1,Completed
ORD-11482,CUST-1460,PROD-114,2025-12-04,1,Completed
ORD-14059,CUST-1399,PROD-113,2025-12-04,1,Completed
ORD-13500,CUST-1212,PROD-112,2025-12-05,2,Completed
ORD-14236,CUST-1132,PROD-121,2025-12-05,1,Completed
ORD-12896,CUST-1107,PROD-119,2025-12-06,1,Completed
ORD-12655,CUST-1105,PROD-120,2025-12-06,3,Completed
ORD-14786,CUST-1116,PROD-124,2025-12-06,1,Completed
ORD-10138,CUST-1431,PROD-102,2025-12-07,5,Completed
ORD-14730,CUST-1092,PROD-112,2025-12-07,1,Cancelled
ORD-13712,CUST-1034,PROD-105,2025-12-07,2,Cancelled
ORD-14470,CUST-1313,PROD-129,2025-12-08,1,Returned
ORD-12727,CUST-1289,PROD-105,2025-12-08,1,Completed
ORD-12463,CUST-1157,PROD-109,2025-12-08,3,Completed
ORD-12506,CUST-1224,PROD-112,2025-12-08,1,Completed
ORD-11161,CUST-1060,PROD-109,2025-12-09,1,Completed
ORD-11838,CUST-1372,PROD-109,2025-12-09,2,Cancelled
ORD-10847,CUST-1028,PROD-124,2025-12-09,1,Returned
ORD-13350,CUST-1132,PROD-128,2025-12-09,4,Completed
ORD-14035,CUST-1049,PROD-123,2025-12-09,1,Cancelled
ORD-10611,CUST-1389,PROD-116,2025-12-09,2,Completed
ORD-10306,CUST-1239,PROD-104,2025-12-09,1,Completed
ORD-10637,CUST-1397,PROD-124,2025-12-10,3,Completed
ORD-10010,CUST-1333,PROD-116,2025-12-10,2,Completed
ORD-13022,CUST-1055,PROD-122,2025-12-10,1,Completed
ORD-11158,CUST-1472,PROD-125,2025-12-11,1,Completed
ORD-13865,CUST-1158,PROD-113,2025-12-11,1,Completed
ORD-14364,CUST-1249,PROD-119,2025-12-11,1,Returned
ORD-14226,CUST-1359,PROD-107,2025-12-11,4,Completed
ORD-13230,CUST-1203,PROD-102,2025-12-12,3,Completed
ORD-12241,CUST-1343,PROD-110,2025-12-12,1,Completed
ORD-10887,CUST-1426,PROD-109,2025-12-12,1,Completed
ORD-11044,CUST-1116,PROD-107,2025-12-13,2,Completed
ORD-11366,CUST-1252,PROD-122,2025-12-13,2,Completed
ORD-13048,CUST-1174,PROD-114,2025-12-13,2,Completed
ORD-13932,CUST-1385,PROD-105,2025-12-14,2,Completed
ORD-14437,CUST-1060,PROD-116,2025-12-14,1,Completed
ORD-12468,CUST-1248,PROD-116,2025-12-14,1,Completed
ORD-11814,CUST-1289,PROD-103,2025-12-14,1,Completed
ORD-12320,CUST-1175,PROD-107,2025-12-15,3,Completed
ORD-13073,CUST-1413,PROD-103,2025-12-15,2,Completed
ORD-14222,CUST-1192,PROD-101,2025-12-15,1,Completed
ORD-11107,CUST-1308,PROD-108,2025-12-15,1,Completed
ORD-14584,CUST-1094,PROD-109,2025-12-15,1,Completed
ORD-13235,CUST-1263,PROD-121,2025-12-15,4,Completed
ORD-13746,CUST-1182,PROD-122,2025-12-15,3,Completed
ORD-10899,CUST-1459,PROD-111,2025-12-15,1,Completed
ORD-10719,CUST-1169,PROD-112,2025-12-15,4,Completed
ORD-13119,CUST-1292,PROD-105,2025-12-16,1,Completed
ORD-13670,CUST-1353,PROD-123,2025-12-16,1,Returned
ORD-12279,CUST-1464,PROD-105,2025-12-16,1,Completed
ORD-12103,CUST-1105,PROD-103,2025-12-16,3,Returned
ORD-11989,CUST-1215,PROD-108,2025-12-16,1,Completed
ORD-10768,CUST-1078,PROD-106,2025-12-17,1,Completed
ORD-11345,CUST-1068,PROD-105,2025-12-17,2,Completed
ORD-13853,CUST-1233,PROD-106,2025-12-17,4,Completed
ORD-12382,CUST-1133,PROD-116,2025-12-17,1,Cancelled
ORD-14198,CUST-1093,PROD-118,2025-12-18,5,Completed
ORD-11278,CUST-1059,PROD-108,2025-12-18,1,Completed
ORD-12899,CUST-1084,PROD-111,2025-12-18,2,Completed
ORD-10176,CUST-1102,PROD-112,2025-12-18,3,Completed
ORD-12957,CUST-1133,PROD-102,2025-12-18,1,Completed
ORD-12592,CUST-1181,PROD-124,2025-12-18,3,Completed
ORD-12275,CUST-1330,PROD-112,2025-12-18,1,Completed
ORD-12968,CUST-1176,PROD-127,2025-12-19,1,Completed
ORD-10157,CUST-1059,PROD-111,2025-12-20,2,Completed
ORD-14828,CUST-1400,PROD-105,2025-12-20,1,Completed
ORD-14267,CUST-1489,PROD-112,2025-12-20,1,Returned
ORD-12967,CUST-1014,PROD-129,2025-12-20,2,Completed
ORD-14654,CUST-1338,PROD-129,2025-12-21,2,Completed
ORD-14169,CUST-1315,PROD-113,2025-12-21,2,Completed
ORD-14729,CUST-1293,PROD-108,2025-12-21,1,Completed
ORD-11907,CUST-1484,PROD-119,2025-12-21,1,Completed
ORD-13739,CUST-1181,PROD-108,2025-12-21,1,Completed
ORD-12586,CUST-1110,PROD-129,2025-12-22,2,Completed
ORD-12263,CUST-1165,PROD-118,2025-12-22,1,Completed
ORD-12503,CUST-1166,PROD-102,2025-12-23,1,Completed
ORD-12306,CUST-1112,PROD-124,2025-12-23,1,Cancelled
ORD-11177,CUST-1055,PROD-128,2025-12-23,2,Completed
ORD-12048,CUST-1014,PROD-114,2025-12-23,3,Completed
ORD-12913,CUST-1008,PROD-122,2025-12-24,4,Completed
ORD-12196,CUST-1389,PROD-119,2025-12-24,2,Completed
ORD-14208,CUST-1235,PROD-100,2025-12-25,5,Completed
ORD-14877,CUST-1024,PROD-106,2025-12-25,3,Completed
ORD-10449,CUST-1481,PROD-113,2025-12-25,1,Completed
ORD-13892,CUST-1465,PROD-117,2025-12-25,2,Completed
ORD-14367,CUST-1316,PROD-108,2025-12-25,1,Completed
ORD-13653,CUST-1299,PROD-117,2025-12-26,1,Completed
ORD-13031,CUST-1289,PROD-108,2025-12-26,1,Completed
ORD-13089,CUST-1432,PROD-128,2025-12-26,1,Completed
ORD-13925,CUST-1297,PROD-105,2025-12-27,2,Cancelled
ORD-13765,CUST-1353,PROD-114,2025-12-27,1,Completed
ORD-14114,CUST-1093,PROD-122,2025-12-27,3,Completed
ORD-14863,CUST-1112,PROD-104,2025-12-27,2,Cancelled
ORD-12502,CUST-1263,PROD-109,2025-12-28,1,Completed
ORD-11879,CUST-1443,PROD-102,2025-12-28,4,Completed
ORD-12932,CUST-1004,PROD-118,2025-12-29,5,Completed
ORD-12613,CUST-1060,PROD-125,2025-12-30,2,Returned
ORD-12478,CUST-1298,PROD-107,2025-12-30,1,Completed
ORD-12139,CUST-1059,PROD-122,2025-12-31,2,Completed
ORD-13481,CUST-1036,PROD-123,2025-12-31,2,Completed
ORD-13097,CUST-1235,PROD-120,2026-01-01,1,Completed
ORD-14223,CUST-1091,PROD-120,2026-01-01,1,Completed
ORD-10570,CUST-1334,PROD-100,2026-01-01,2,Completed
ORD-13228,CUST-1335,PROD-101,2026-01-01,3,Completed
ORD-10146,CUST-1018,PROD-116,2026-01-02,4,Completed
ORD-12476,CUST-1349,PROD-108,2026-01-02,2,Completed
ORD-14664,CUST-1267,PROD-119,2026-01-02,4,Completed
ORD-13550,CUST-1034,PROD-126,2026-01-02,1,Completed
ORD-12809,CUST-1151,PROD-109,2026-01-02,1,Cancelled
ORD-14490,CUST-1289,PROD-123,2026-01-03,3,Completed
ORD-14424,CUST-1371,PROD-104,2026-01-03,3,Cancelled
ORD-11162,CUST-1183,PROD-115,2026-01-03,4,Completed
ORD-13323,CUST-1129,PROD-102,2026-01-03,1,Completed
ORD-10811,CUST-1188,PROD-101,2026-01-04,1,Completed
ORD-13642,CUST-1249,PROD-127,2026-01-04,1,Completed
ORD-12121,CUST-1132,PROD-107,2026-01-04,4,Completed
ORD-12046,CUST-1138,PROD-107,2026-01-05,2,Completed
ORD-13015,CUST-1147,PROD-115,2026-01-05,1,Completed
ORD-11194,CUST-1320,PROD-117,2026-01-05,1,Completed
ORD-10260,CUST-1124,PROD-110,2026-01-06,5,Completed
ORD-12699,CUST-1354,PROD-114,2026-01-06,1,Completed
ORD-10106,CUST-1154,PROD-116,2026-01-06,5,Completed
ORD-13778,CUST-1112,PROD-117,2026-01-06,2,Completed
ORD-13580,CUST-1440,PROD-126,2026-01-06,3,Completed
ORD-12277,CUST-1328,PROD-100,2026-01-07,1,Completed
ORD-11198,CUST-1239,PROD-127,2026-01-07,2,Completed
ORD-13464,CUST-1004,PROD-111,2026-01-07,1,Returned
ORD-10564,CUST-1060,PROD-129,2026-01-07,1,Completed
ORD-13090,CUST-1402,PROD-114,2026-01-07,1,Completed
ORD-14126,CUST-1360,PROD-125,2026-01-08,1,Completed
ORD-13567,CUST-1344,PROD-128,2026-01-08,1,Completed
ORD-13825,CUST-1249,PROD-124,2026-01-08,4,Completed
ORD-10052,CUST-1464,PROD-117,2026-01-08,1,Completed
ORD-10474,CUST-1092,PROD-122,2026-01-08,1,Completed
ORD-10398,CUST-1102,PROD-125,2026-01-08,1,Completed
ORD-10363,CUST-1140,PROD-105,2026-01-08,1,Completed
ORD-11770,CUST-1313,PROD-107,2026-01-09,1,Completed
ORD-14595,CUST-1232,PROD-116,2026-01-09,3,Completed
ORD-12575,CUST-1000,PROD-129,2026-01-09,5,Completed
ORD-13772,CUST-1335,PROD-104,2026-01-09,1,Completed
ORD-13747,CUST-1023,PROD-102,2026-01-10,1,Returned
ORD-14632,CUST-1152,PROD-116,2026-01-10,1,Completed
ORD-13724,CUST-1156,PROD-126,2026-01-10,2,Completed
ORD-13473,CUST-1148,PROD-125,2026-01-10,5,Completed
ORD-13719,CUST-1206,PROD-123,2026-01-10,3,Completed
ORD-13568,CUST-1234,PROD-119,2026-01-10,3,Completed
ORD-13213,CUST-1078,PROD-110,2026-01-10,4,Completed
ORD-12153,CUST-1470,PROD-104,2026-01-10,1,Completed
ORD-13255,CUST-1062,PROD-119,2026-01-10,1,Returned
ORD-13645,CUST-1205,PROD-123,2026-01-11,1,Completed
ORD-14739,CUST-1269,PROD-114,2026-01-11,1,Completed
ORD-14261,CUST-1188,PROD-112,2026-01-11,1,Completed
ORD-13745,CUST-1267,PROD-105,2026-01-11,5,Completed
ORD-10473,CUST-1445,PROD-104,2026-01-11,1,Completed
ORD-11288,CUST-1121,PROD-102,2026-01-11,4,Completed
ORD-13108,CUST-1404,PROD-114,2026-01-11,1,Completed
ORD-10940,CUST-1251,PROD-125,2026-01-12,5,Completed
ORD-10786,CUST-1255,PROD-115,2026-01-12,2,Completed
ORD-13347,CUST-1000,PROD-120,2026-01-12,1,Completed
ORD-11150,CUST-1070,PROD-111,2026-01-12,1,Completed
ORD-14074,CUST-1035,PROD-128,2026-01-12,3,Completed
ORD-12001,CUST-1036,PROD-109,2026-01-12,2,Completed
ORD-10196,CUST-1177,PROD-104,2026-01-13,1,Completed
ORD-10418,CUST-1464,PROD-116,2026-01-13,5,Completed
ORD-11673,CUST-1012,PROD-119,2026-01-13,1,Completed
ORD-10045,CUST-1320,PROD-103,2026-01-13,3,Returned
ORD-13590,CUST-1082,PROD-126,2026-01-14,1,Completed
ORD-12723,CUST-1042,PROD-116,2026-01-14,2,Completed
ORD-13102,CUST-1193,PROD-128,2026-01-14,1,Completed
ORD-13101,CUST-1292,PROD-127,2026-01-14,1,Completed
ORD-13185,CUST-1062,PROD-115,2026-01-15,1,Completed
ORD-12215,CUST-1397,PROD-118,2026-01-16,1,Completed
ORD-11530,CUST-1220,PROD-104,2026-01-16,1,Completed
ORD-10759,CUST-1423,PROD-106,2026-01-16,3,Completed
ORD-14205,CUST-1109,PROD-128,2026-01-16,5,Returned
ORD-11245,CUST-1419,PROD-123,2026-01-16,2,Completed
ORD-14419,CUST-1259,PROD-109,2026-01-17,1,Completed
ORD-12075,CUST-1171,PROD-118,2026-01-17,1,Completed
ORD-10128,CUST-1206,PROD-113,2026-01-17,3,Completed
ORD-12521,CUST-1225,PROD-128,2026-01-17,1,Completed
ORD-12169,CUST-1100,PROD-103,2026-01-17,1,Completed
ORD-14866,CUST-1379,PROD-112,2026-01-17,1,Completed
ORD-11552,CUST-1407,PROD-119,2026-01-18,1,Completed
ORD-12907,CUST-1220,PROD-106,2026-01-18,2,Completed
ORD-12607,CUST-1497,PROD-101,2026-01-18,1,Completed
ORD-13292,CUST-1066,PROD-101,2026-01-18,2,Completed
ORD-14276,CUST-1341,PROD-123,2026-01-18,1,Completed
ORD-11903,CUST-1431,PROD-125,2026-01-18,1,Completed
ORD-10151,CUST-1176,PROD-105,2026-01-19,5,Completed
ORD-12553,CUST-1077,PROD-107,2026-01-19,2,Completed
ORD-10571,CUST-1145,PROD-117,2026-01-19,1,Completed
ORD-14272,CUST-1476,PROD-119,2026-01-19,2,Completed
ORD-12372,CUST-1135,PROD-105,2026-01-20,5,Completed
ORD-11927,CUST-1066,PROD-115,2026-01-20,1,Completed
ORD-11668,CUST-1367,PROD-129,2026-01-20,1,Completed
ORD-13121,CUST-1338,PROD-123,2026-01-20,1,Completed
ORD-12652,CUST-1030,PROD-102,2026-01-20,1,Completed
ORD-11469,CUST-1102,PROD-116,2026-01-20,1,Completed
ORD-13310,CUST-1066,PROD-128,2026-01-20,1,Completed
ORD-14440,CUST-1445,PROD-113,2026-01-20,2,Completed
ORD-11921,CUST-1402,PROD-105,2026-01-21,4,Completed
ORD-14839,CUST-1240,PROD-128,2026-01-21,1,Returned
ORD-11564,CUST-1389,PROD-111,2026-01-21,1,Returned
ORD-11267,CUST-1013,PROD-107,2026-01-21,1,Completed
ORD-13070,CUST-1039,PROD-118,2026-01-22,1,Completed
ORD-11319,CUST-1298,PROD-103,2026-01-22,1,Completed
ORD-11960,CUST-1212,PROD-127,2026-01-22,1,Completed
ORD-10139,CUST-1382,PROD-106,2026-01-23,1,Completed
ORD-10215,CUST-1137,PROD-116,2026-01-23,1,Completed
ORD-11626,CUST-1097,PROD-129,2026-01-23,1,Completed
ORD-13194,CUST-1088,PROD-120,2026-01-23,1,Cancelled
ORD-13715,CUST-1289,PROD-124,2026-01-23,1,Cancelled
ORD-10796,CUST-1138,PROD-113,2026-01-24,1,Completed
ORD-12510,CUST-1212,PROD-110,2026-01-24,2,Completed
ORD-11187,CUST-1218,PROD-117,2026-01-24,1,Completed
ORD-12080,CUST-1250,PROD-109,2026-01-24,1,Completed
ORD-14024,CUST-1338,PROD-126,2026-01-24,3,Completed
ORD-12433,CUST-1431,PROD-117,2026-01-25,4,Completed
ORD-10624,CUST-1170,PROD-129,2026-01-25,3,Completed
ORD-14414,CUST-1245,PROD-106,2026-01-25,1,Completed
ORD-10440,CUST-1130,PROD-120,2026-01-25,2,Completed
ORD-10781,CUST-1036,PROD-111,2026-01-26,1,Completed
ORD-13025,CUST-1087,PROD-115,2026-01-26,1,Completed
ORD-11355,CUST-1374,PROD-104,2026-01-26,1,Completed
ORD-14690,CUST-1497,PROD-109,2026-01-26,1,Completed
ORD-11248,CUST-1431,PROD-105,2026-01-26,2,Returned
ORD-10393,CUST-1295,PROD-105,2026-01-26,1,Completed
ORD-14870,CUST-1497,PROD-102,2026-01-26,1,Returned
ORD-12786,CUST-1274,PROD-101,2026-01-26,1,Completed
ORD-11312,CUST-1308,PROD-125,2026-01-27,1,Completed
ORD-10701,CUST-1101,PROD-104,2026-01-27,1,Completed
ORD-13722,CUST-1220,PROD-111,2026-01-27,1,Completed
ORD-14089,CUST-1419,PROD-103,2026-01-28,2,Completed
ORD-10594,CUST-1281,PROD-111,2026-01-28,1,Completed
ORD-12172,CUST-1221,PROD-118,2026-01-28,2,Completed
ORD-12730,CUST-1220,PROD-104,2026-01-28,1,Completed
ORD-10370,CUST-1192,PROD-108,2026-01-28,1,Cancelled
ORD-10743,CUST-1361,PROD-127,2026-01-28,1,Completed
ORD-11202,CUST-1148,PROD-114,2026-01-28,1,Completed
ORD-13096,CUST-1343,PROD-126,2026-01-29,1,Completed
ORD-12822,CUST-1005,PROD-112,2026-01-29,3,Completed
ORD-14149,CUST-1411,PROD-120,2026-01-29,1,Completed
ORD-11689,CUST-1200,PROD-103,2026-01-29,1,Completed
ORD-11594,CUST-1455,PROD-108,2026-01-29,1,Completed
ORD-13216,CUST-1384,PROD-107,2026-01-29,3,Returned
ORD-13061,CUST-1070,PROD-102,2026-01-30,3,Completed
ORD-12779,CUST-1249,PROD-102,2026-01-30,4,Completed
ORD-13594,CUST-1047,PROD-125,2026-01-30,1,Cancelled
ORD-12148,CUST-1189,PROD-125,2026-01-30,1,Completed
ORD-10482,CUST-1218,PROD-105,2026-01-31,1,Completed
ORD-10589,CUST-1254,PROD-116,2026-01-31,1,Completed
ORD-13877,CUST-1354,PROD-125,2026-01-31,2,Returned
ORD-12762,CUST-1211,PROD-119,2026-02-01,1,Completed
ORD-14299,CUST-1249,PROD-100,2026-02-01,2,Completed
ORD-11022,CUST-1486,PROD-105,2026-02-01,2,Completed
ORD-11060,CUST-1020,PROD-108,2026-02-01,1,Completed
ORD-10889,CUST-1145,PROD-120,2026-02-01,1,Returned
ORD-13082,CUST-1234,PROD-106,2026-02-02,1,Completed
ORD-13226,CUST-1379,PROD-112,2026-02-02,1,Completed
ORD-13487,CUST-1253,PROD-116,2026-02-02,5,Completed
ORD-10910,CUST-1059,PROD-124,2026-02-02,2,Completed
ORD-11405,CUST-1484,PROD-129,2026-02-03,2,Completed
ORD-12580,CUST-1081,PROD-129,2026-02-03,2,Completed
ORD-11524,CUST-1195,PROD-127,2026-02-03,2,Completed
ORD-13933,CUST-1012,PROD-105,2026-02-03,1,Completed
ORD-12255,CUST-1471,PROD-112,2026-02-03,1,Completed
ORD-11415,CUST-1425,PROD-127,2026-02-03,1,Completed
ORD-11339,CUST-1487,PROD-124,2026-02-03,1,Cancelled
ORD-11149,CUST-1233,PROD-105,2026-02-03,1,Cancelled
ORD-11237,CUST-1068,PROD-104,2026-02-03,1,Completed
ORD-12105,CUST-1245,PROD-101,2026-02-04,1,Returned
ORD-10075,CUST-1101,PROD-120,2026-02-04,2,Completed
ORD-10437,CUST-1275,PROD-112,2026-02-04,2,Completed
ORD-10444,CUST-1284,PROD-129,2026-02-04,1,Completed
ORD-13497,CUST-1028,PROD-107,2026-02-04,1,Completed
ORD-13137,CUST-1125,PROD-115,2026-02-04,1,Completed
ORD-14043,CUST-1126,PROD-100,2026-02-04,2,Completed
ORD-11511,CUST-1168,PROD-104,2026-02-04,1,Completed
ORD-14394,CUST-1133,PROD-124,2026-02-05,1,Completed
ORD-12696,CUST-1412,PROD-111,2026-02-05,1,Completed
ORD-14441,CUST-1174,PROD-116,2026-02-05,4,Completed
ORD-10293,CUST-1431,PROD-105,2026-02-05,1,Completed
ORD-10110,CUST-1258,PROD-103,2026-02-06,1,Completed
ORD-13084,CUST-1063,PROD-114,2026-02-06,1,Completed
ORD-13673,CUST-1032,PROD-107,2026-02-06,1,Completed
ORD-12224,CUST-1199,PROD-107,2026-02-06,1,Completed
ORD-11403,CUST-1430,PROD-120,2026-02-06,1,Completed
ORD-13461,CUST-1081,PROD-115,2026-02-06,1,Completed
ORD-11563,CUST-1249,PROD-118,2026-02-07,1,Completed
ORD-14308,CUST-1004,PROD-127,2026-02-07,3,Completed
ORD-13231,CUST-1266,PROD-115,2026-02-07,1,Completed
ORD-12533,CUST-1082,PROD-102,2026-02-07,1,Completed
ORD-10631,CUST-1476,PROD-113,2026-02-07,3,Completed
ORD-14252,CUST-1379,PROD-115,2026-02-07,2,Completed
ORD-13334,CUST-1036,PROD-125,2026-02-08,1,Completed
ORD-13327,CUST-1143,PROD-123,2026-02-08,2,Completed
ORD-11084,CUST-1305,PROD-104,2026-02-08,1,Completed
ORD-14432,CUST-1346,PROD-105,2026-02-08,4,Completed
ORD-14091,CUST-1175,PROD-125,2026-02-08,1,Completed
ORD-13543,CUST-1116,PROD-117,2026-02-08,5,Completed
ORD-11314,CUST-1310,PROD-121,2026-02-09,1,Completed
ORD-11644,CUST-1261,PROD-119,2026-02-09,2,Completed
ORD-11997,CUST-1497,PROD-109,2026-02-09,1,Cancelled
ORD-13618,CUST-1434,PROD-122,2026-02-09,2,Completed
ORD-13469,CUST-1059,PROD-124,2026-02-09,3,Completed
ORD-12951,CUST-1195,PROD-108,2026-02-09,1,Completed
ORD-11028,CUST-1420,PROD-127,2026-02-10,1,Completed
ORD-14220,CUST-1338,PROD-112,2026-02-10,1,Completed
ORD-11047,CUST-1004,PROD-123,2026-02-10,1,Returned
ORD-12097,CUST-1042,PROD-126,2026-02-10,2,Completed
ORD-13018,CUST-1479,PROD-112,2026-02-10,1,Completed
ORD-13355,CUST-1145,PROD-118,2026-02-11,3,Returned
ORD-12182,CUST-1182,PROD-127,2026-02-11,1,Completed
ORD-13826,CUST-1196,PROD-102,2026-02-11,1,Completed
ORD-10566,CUST-1179,PROD-117,2026-02-12,2,Completed
ORD-10107,CUST-1248,PROD-108,2026-02-12,1,Completed
ORD-10049,CUST-1273,PROD-116,2026-02-13,1,Completed
ORD-11622,CUST-1000,PROD-120,2026-02-13,1,Completed
ORD-11891,CUST-1411,PROD-119,2026-02-13,1,Completed
ORD-13142,CUST-1157,PROD-101,2026-02-13,1,Returned
ORD-12076,CUST-1165,PROD-122,2026-02-13,3,Completed
ORD-13005,CUST-1111,PROD-115,2026-02-13,1,Completed
ORD-10347,CUST-1167,PROD-124,2026-02-14,2,Completed
ORD-10523,CUST-1092,PROD-121,2026-02-14,1,Cancelled
ORD-11191,CUST-1490,PROD-101,2026-02-14,1,Completed
ORD-11957,CUST-1364,PROD-128,2026-02-14,1,Returned
ORD-10530,CUST-1200,PROD-113,2026-02-14,1,Completed
ORD-12708,CUST-1289,PROD-103,2026-02-14,1,Completed
ORD-14687,CUST-1138,PROD-125,2026-02-14,2,Returned
ORD-14297,CUST-1193,PROD-121,2026-02-15,1,Completed
ORD-10275,CUST-1093,PROD-115,2026-02-15,1,Completed
ORD-12005,CUST-1059,PROD-125,2026-02-15,1,Returned
ORD-11207,CUST-1338,PROD-108,2026-02-15,2,Completed
ORD-10545,CUST-1348,PROD-112,2026-02-16,1,Completed
ORD-13372,CUST-1032,PROD-124,2026-02-16,2,Completed
ORD-14618,CUST-1432,PROD-110,2026-02-16,4,Completed
ORD-10468,CUST-1199,PROD-118,2026-02-16,2,Completed
ORD-11553,CUST-1335,PROD-125,2026-02-17,1,Completed
ORD-12066,CUST-1492,PROD-125,2026-02-17,5,Completed
ORD-13374,CUST-1281,PROD-123,2026-02-17,1,Returned
ORD-11386,CUST-1310,PROD-118,2026-02-17,1,Completed
ORD-10446,CUST-1189,PROD-119,2026-02-17,5,Completed
ORD-10076,CUST-1014,PROD-122,2026-02-18,2,Completed
ORD-13650,CUST-1308,PROD-107,2026-02-18,1,Completed
ORD-12734,CUST-1049,PROD-125,2026-02-18,2,Completed
ORD-13679,CUST-1073,PROD-103,2026-02-18,2,Completed
ORD-12546,CUST-1146,PROD-128,2026-02-18,1,Completed
ORD-13692,CUST-1084,PROD-125,2026-02-19,1,Completed
ORD-10214,CUST-1206,PROD-125,2026-02-19,1,Completed
ORD-13742,CUST-1004,PROD-106,2026-02-19,1,Completed
ORD-10948,CUST-1039,PROD-109,2026-02-19,5,Completed
ORD-12391,CUST-1353,PROD-125,2026-02-19,3,Completed
ORD-12611,CUST-1185,PROD-106,2026-02-20,5,Completed
ORD-13305,CUST-1384,PROD-126,2026-02-20,3,Completed
ORD-10877,CUST-1474,PROD-110,2026-02-20,2,Returned
ORD-12585,CUST-1186,PROD-110,2026-02-20,2,Completed
ORD-10442,CUST-1365,PROD-126,2026-02-20,1,Completed
ORD-13297,CUST-1248,PROD-118,2026-02-21,1,Completed
ORD-14574,CUST-1251,PROD-108,2026-02-22,1,Completed
ORD-14015,CUST-1405,PROD-115,2026-02-22,1,Completed
ORD-11576,CUST-1371,PROD-105,2026-02-22,1,Completed
ORD-13600,CUST-1225,PROD-125,2026-02-23,1,Returned
ORD-14642,CUST-1405,PROD-113,2026-02-23,1,Completed
ORD-10109,CUST-1447,PROD-126,2026-02-23,1,Completed
ORD-14907,CUST-1412,PROD-124,2026-02-23,5,Completed
ORD-13215,CUST-1173,PROD-107,2026-02-23,1,Completed
ORD-14398,CUST-1250,PROD-117,2026-02-23,2,Completed
ORD-11273,CUST-1093,PROD-124,2026-02-23,1,Completed
ORD-12888,CUST-1299,PROD-103,2026-02-23,2,Returned
ORD-13501,CUST-1267,PROD-113,2026-02-23,1,Completed
ORD-10663,CUST-1271,PROD-107,2026-02-24,3,Completed
ORD-13891,CUST-1481,PROD-129,2026-02-24,1,Completed
ORD-11103,CUST-1074,PROD-104,2026-02-24,1,Completed
ORD-12985,CUST-1181,PROD-107,2026-02-24,1,Completed
ORD-11317,CUST-1317,PROD-122,2026-02-24,1,Completed
ORD-10085,CUST-1254,PROD-107,2026-02-24,1,Completed
ORD-11512,CUST-1181,PROD-129,2026-02-25,1,Completed
ORD-10538,CUST-1381,PROD-127,2026-02-25,2,Completed
ORD-14434,CUST-1374,PROD-120,2026-02-25,1,Completed
ORD-12155,CUST-1253,PROD-107,2026-02-25,1,Completed
ORD-11078,CUST-1416,PROD-107,2026-02-25,1,Completed
ORD-14817,CUST-1140,PROD-110,2026-02-25,1,Completed
ORD-11263,CUST-1118,PROD-122,2026-02-26,5,Completed
ORD-11843,CUST-1493,PROD-111,2026-02-26,1,Completed
ORD-14063,CUST-1444,PROD-124,2026-02-26,1,Completed
ORD-14521,CUST-1171,PROD-119,2026-02-27,1,Completed
ORD-12185,CUST-1441,PROD-117,2026-02-27,3,Completed
ORD-11618,CUST-1356,PROD-107,2026-02-27,5,Completed
ORD-14361,CUST-1495,PROD-125,2026-02-27,1,Returned
ORD-10319,CUST-1182,PROD-106,2026-02-28,1,Completed
ORD-12732,CUST-1411,PROD-106,2026-02-28,2,Completed
ORD-14092,CUST-1496,PROD-100,2026-02-28,1,Completed
ORD-13947,CUST-1110,PROD-124,2026-02-28,5,Completed
ORD-12035,CUST-1239,PROD-112,2026-02-28,2,Completed
ORD-12731,CUST-1255,PROD-109,2026-02-28,1,Completed
ORD-11210,CUST-1389,PROD-108,2026-03-01,1,Cancelled
ORD-14860,CUST-1484,PROD-109,2026-03-01,1,Completed
ORD-10644,CUST-1459,PROD-122,2026-03-01,1,Completed
ORD-10192,CUST-1128,PROD-122,2026-03-01,1,Completed
ORD-12026,CUST-1266,PROD-115,2026-03-01,2,Completed
ORD-12987,CUST-1107,PROD-129,2026-03-02,2,Completed
ORD-12096,CUST-1310,PROD-117,2026-03-02,1,Completed
ORD-11700,CUST-1125,PROD-125,2026-03-02,1,Returned
ORD-14212,CUST-1350,PROD-120,2026-03-02,1,Completed
ORD-11811,CUST-1085,PROD-119,2026-03-02,1,Returned
ORD-11200,CUST-1147,PROD-113,2026-03-02,1,Completed
ORD-12213,CUST-1199,PROD-117,2026-03-02,5,Completed
ORD-10337,CUST-1165,PROD-102,2026-03-03,5,Completed
ORD-14078,CUST-1222,PROD-125,2026-03-03,1,Completed
ORD-12355,CUST-1434,PROD-124,2026-03-03,3,Completed
ORD-11649,CUST-1420,PROD-121,2026-03-03,1,Completed
ORD-11497,CUST-1434,PROD-127,2026-03-03,1,Completed
ORD-14539,CUST-1225,PROD-129,2026-03-03,4,Completed
ORD-11749,CUST-1353,PROD-122,2026-03-04,3,Completed
ORD-10717,CUST-1365,PROD-109,2026-03-04,1,Returned
ORD-10299,CUST-1250,PROD-118,2026-03-04,1,Returned
ORD-12323,CUST-1240,PROD-119,2026-03-04,4,Completed
ORD-14185,CUST-1220,PROD-109,2026-03-04,2,Completed
ORD-11694,CUST-1379,PROD-126,2026-03-05,2,Completed
ORD-14221,CUST-1210,PROD-102,2026-03-05,1,Completed
ORD-12088,CUST-1440,PROD-113,2026-03-05,4,Completed
ORD-11866,CUST-1218,PROD-116,2026-03-05,1,Completed
ORD-10375,CUST-1126,PROD-106,2026-03-05,1,Completed
ORD-14990,CUST-1317,PROD-127,2026-03-06,2,Completed
ORD-10641,CUST-1467,PROD-129,2026-03-06,1,Returned
ORD-10054,CUST-1377,PROD-122,2026-03-06,1,Completed
ORD-10012,CUST-1328,PROD-113,2026-03-06,1,Completed
ORD-14913,CUST-1154,PROD-113,2026-03-06,1,Completed
ORD-10365,CUST-1193,PROD-123,2026-03-06,1,Completed
ORD-11651,CUST-1173,PROD-124,2026-03-06,2,Returned
ORD-10913,CUST-1427,PROD-126,2026-03-06,1,Completed
ORD-11113,CUST-1151,PROD-119,2026-03-06,2,Returned
ORD-12202,CUST-1250,PROD-122,2026-03-07,4,Completed
ORD-11804,CUST-1141,PROD-107,2026-03-07,1,Completed
ORD-13034,CUST-1252,PROD-112,2026-03-07,2,Completed
ORD-12924,CUST-1205,PROD-121,2026-03-07,1,Completed
ORD-10871,CUST-1366,PROD-117,2026-03-07,3,Completed
ORD-13272,CUST-1285,PROD-120,2026-03-07,2,Returned
ORD-11609,CUST-1364,PROD-122,2026-03-07,1,Completed
ORD-13030,CUST-1250,PROD-124,2026-03-07,1,Completed
ORD-13114,CUST-1109,PROD-117,2026-03-08,1,Completed
ORD-12471,CUST-1291,PROD-102,2026-03-08,1,Returned
ORD-11360,CUST-1458,PROD-109,2026-03-09,4,Cancelled
ORD-14589,CUST-1111,PROD-116,2026-03-09,1,Completed
ORD-14742,CUST-1141,PROD-112,2026-03-09,2,Completed
ORD-13453,CUST-1173,PROD-119,2026-03-09,1,Completed
ORD-11472,CUST-1285,PROD-124,2026-03-09,2,Completed
ORD-12865,CUST-1235,PROD-124,2026-03-10,1,Completed
ORD-14505,CUST-1455,PROD-113,2026-03-10,1,Completed
ORD-13405,CUST-1254,PROD-118,2026-03-10,1,Completed
ORD-13908,CUST-1408,PROD-108,2026-03-10,1,Completed
ORD-13597,CUST-1220,PROD-102,2026-03-10,3,Completed
ORD-14123,CUST-1324,PROD-129,2026-03-11,1,Completed
ORD-14322,CUST-1248,PROD-109,2026-03-11,1,Completed
ORD-13349,CUST-1278,PROD-106,2026-03-12,1,Completed
ORD-12659,CUST-1374,PROD-119,2026-03-12,1,Completed
ORD-13957,CUST-1068,PROD-108,2026-03-12,1,Completed
ORD-14072,CUST-1491,PROD-105,2026-03-13,1,Completed
ORD-11628,CUST-1211,PROD-117,2026-03-13,1,Completed
ORD-11548,CUST-1146,PROD-117,2026-03-13,3,Completed
ORD-14892,CUST-1409,PROD-109,2026-03-13,1,Completed
ORD-10125,CUST-1059,PROD-128,2026-03-13,2,Returned
ORD-12675,CUST-1371,PROD-108,2026-03-13,1,Completed
ORD-11862,CUST-1430,PROD-113,2026-03-13,1,Completed
ORD-11786,CUST-1354,PROD-112,2026-03-14,1,Completed
ORD-12770,CUST-1167,PROD-112,2026-03-14,5,Completed
ORD-14350,CUST-1039,PROD-114,2026-03-14,1,Completed
ORD-10221,CUST-1145,PROD-119,2026-03-14,2,Completed
ORD-12871,CUST-1000,PROD-115,2026-03-14,1,Cancelled
ORD-11364,CUST-1423,PROD-111,2026-03-14,3,Returned
ORD-12197,CUST-1425,PROD-126,2026-03-14,1,Completed
ORD-13484,CUST-1066,PROD-110,2026-03-15,1,Completed
ORD-11702,CUST-1411,PROD-118,2026-03-15,1,Completed
ORD-14211,CUST-1434,PROD-104,2026-03-15,5,Completed
ORD-10094,CUST-1435,PROD-120,2026-03-16,2,Completed
ORD-12393,CUST-1111,PROD-122,2026-03-16,1,Returned
ORD-12351,CUST-1317,PROD-108,2026-03-16,3,Completed
ORD-10716,CUST-1412,PROD-111,2026-03-16,1,Completed
ORD-12694,CUST-1169,PROD-105,2026-03-16,3,Completed
ORD-13638,CUST-1342,PROD-109,2026-03-16,1,Completed
ORD-11833,CUST-1481,PROD-107,2026-03-17,1,Completed
ORD-11835,CUST-1026,PROD-116,2026-03-17,5,Completed
ORD-14533,CUST-1496,PROD-112,2026-03-17,1,Completed
ORD-12136,CUST-1154,PROD-104,2026-03-17,1,Completed
ORD-13477,CUST-1416,PROD-127,2026-03-17,2,Completed
ORD-14518,CUST-1409,PROD-113,2026-03-17,3,Completed
ORD-10494,CUST-1125,PROD-115,2026-03-18,1,Cancelled
ORD-12378,CUST-1256,PROD-124,2026-03-18,1,Completed
ORD-10170,CUST-1251,PROD-116,2026-03-18,3,Completed
ORD-13045,CUST-1338,PROD-118,2026-03-18,2,Completed
ORD-11480,CUST-1240,PROD-117,2026-03-18,4,Completed
ORD-12841,CUST-1130,PROD-117,2026-03-18,2,Completed
ORD-11580,CUST-1102,PROD-102,2026-03-18,5,Completed
ORD-11423,CUST-1282,PROD-112,2026-03-18,1,Completed
ORD-14922,CUST-1107,PROD-110,2026-03-18,1,Completed
ORD-10326,CUST-1201,PROD-117,2026-03-19,1,Completed
ORD-11501,CUST-1160,PROD-106,2026-03-19,4,Completed
ORD-11279,CUST-1469,PROD-112,2026-03-19,1,Returned
ORD-14004,CUST-1079,PROD-117,2026-03-19,1,Completed
ORD-14788,CUST-1209,PROD-100,2026-03-19,1,Completed
ORD-13242,CUST-1030,PROD-108,2026-03-20,1,Completed
ORD-13907,CUST-1105,PROD-111,2026-03-20,1,Cancelled
ORD-12728,CUST-1241,PROD-109,2026-03-20,1,Completed
ORD-14896,CUST-1289,PROD-110,2026-03-20,3,Completed
ORD-10942,CUST-1186,PROD-124,2026-03-20,1,Completed
ORD-13220,CUST-1408,PROD-108,2026-03-21,1,Completed
ORD-12773,CUST-1062,PROD-114,2026-03-21,2,Completed
ORD-12353,CUST-1431,PROD-124,2026-03-21,1,Completed
ORD-11290,CUST-1420,PROD-129,2026-03-21,1,Completed
ORD-13132,CUST-1384,PROD-110,2026-03-21,1,Cancelled
ORD-13383,CUST-1432,PROD-116,2026-03-21,5,Completed
ORD-11238,CUST-1226,PROD-102,2026-03-22,3,Completed
ORD-11773,CUST-1240,PROD-102,2026-03-22,1,Completed
ORD-10714,CUST-1379,PROD-109,2026-03-22,3,Completed
ORD-13192,CUST-1211,PROD-123,2026-03-22,1,Returned
ORD-11307,CUST-1395,PROD-101,2026-03-22,2,Completed
ORD-13701,CUST-1021,PROD-115,2026-03-22,5,Completed
ORD-13627,CUST-1121,PROD-107,2026-03-22,1,Completed
ORD-14315,CUST-1070,PROD-111,2026-03-23,1,Completed
ORD-13552,CUST-1186,PROD-102,2026-03-23,1,Completed
ORD-11842,CUST-1438,PROD-102,2026-03-23,1,Completed
ORD-13260,CUST-1462,PROD-105,2026-03-23,1,Completed
ORD-11102,CUST-1170,PROD-101,2026-03-23,3,Returned
ORD-13288,CUST-1205,PROD-127,2026-03-23,1,Completed
ORD-13110,CUST-1102,PROD-127,2026-03-23,1,Completed
ORD-14094,CUST-1069,PROD-127,2026-03-23,2,Completed
ORD-11219,CUST-1199,PROD-120,2026-03-24,2,Completed
ORD-14052,CUST-1466,PROD-102,2026-03-24,2,Completed
ORD-11683,CUST-1385,PROD-125,2026-03-24,5,Completed
ORD-13283,CUST-1335,PROD-128,2026-03-24,1,Completed
ORD-12714,CUST-1423,PROD-100,2026-03-24,1,Completed
ORD-13359,CUST-1205,PROD-124,2026-03-24,1,Completed
ORD-14807,CUST-1399,PROD-129,2026-03-24,1,Completed
ORD-10646,CUST-1299,PROD-129,2026-03-24,1,Completed
ORD-10257,CUST-1217,PROD-121,2026-03-24,1,Completed
ORD-10028,CUST-1401,PROD-120,2026-03-24,1,Completed
ORD-14403,CUST-1466,PROD-124,2026-03-24,2,Completed
ORD-12940,CUST-1489,PROD-102,2026-03-25,2,Completed
ORD-14556,CUST-1168,PROD-128,2026-03-25,2,Completed
ORD-10860,CUST-1298,PROD-100,2026-03-25,1,Completed
ORD-11427,CUST-1193,PROD-119,2026-03-25,2,Completed
ORD-12300,CUST-1248,PROD-124,2026-03-25,5,Completed
ORD-14478,CUST-1361,PROD-112,2026-03-26,1,Completed
ORD-14073,CUST-1479,PROD-117,2026-03-26,1,Completed
ORD-10226,CUST-1168,PROD-116,2026-03-26,1,Completed
ORD-11976,CUST-1102,PROD-101,2026-03-27,2,Returned
ORD-14030,CUST-1153,PROD-122,2026-03-27,2,Completed
ORD-11632,CUST-1058,PROD-109,2026-03-27,1,Cancelled
ORD-10533,CUST-1346,PROD-127,2026-03-27,1,Completed
ORD-14743,CUST-1040,PROD-119,2026-03-27,5,Completed
ORD-13441,CUST-1300,PROD-117,2026-03-27,2,Completed
ORD-10916,CUST-1240,PROD-128,2026-03-27,2,Completed
ORD-14542,CUST-1028,PROD-114,2026-03-28,1,Completed
ORD-13246,CUST-1303,PROD-107,2026-03-28,4,Completed
ORD-13684,CUST-1294,PROD-106,2026-03-28,2,Completed
ORD-14994,CUST-1108,PROD-128,2026-03-28,1,Completed
ORD-12333,CUST-1431,PROD-129,2026-03-28,1,Completed
ORD-10555,CUST-1438,PROD-121,2026-03-28,1,Completed
ORD-12780,CUST-1370,PROD-101,2026-03-28,2,Completed
ORD-11653,CUST-1008,PROD-113,2026-03-28,2,Completed
ORD-13828,CUST-1495,PROD-115,2026-03-29,1,Completed
ORD-13199,CUST-1399,PROD-115,2026-03-29,1,Returned
ORD-12386,CUST-1070,PROD-108,2026-03-29,3,Completed
ORD-14119,CUST-1028,PROD-100,2026-03-29,3,Completed
ORD-14475,CUST-1388,PROD-116,2026-03-29,5,Completed
ORD-13637,CUST-1311,PROD-117,2026-03-29,1,Completed
ORD-12452,CUST-1109,PROD-123,2026-03-29,1,Completed
ORD-14090,CUST-1157,PROD-118,2026-03-29,1,Completed
ORD-10380,CUST-1355,PROD-120,2026-03-30,1,Completed
ORD-14875,CUST-1094,PROD-108,2026-03-30,1,Completed
ORD-10387,CUST-1295,PROD-115,2026-03-31,2,Completed
ORD-12108,CUST-1381,PROD-115,2026-03-31,2,Completed
ORD-12720,CUST-1138,PROD-110,2026-03-31,2,Returned
ORD-10575,CUST-1432,PROD-111,2026-03-31,2,Completed
ORD-12130,CUST-1058,PROD-107,2026-04-01,2,Returned
ORD-10642,CUST-1373,PROD-115,2026-04-01,2,Completed
ORD-14509,CUST-1182,PROD-124,2026-04-01,1,Completed
ORD-11013,CUST-1126,PROD-129,2026-04-01,2,Cancelled
ORD-14765,CUST-1038,PROD-121,2026-04-01,1,Completed
ORD-10183,CUST-1416,PROD-101,2026-04-01,1,Completed
ORD-13454,CUST-1382,PROD-116,2026-04-01,1,Completed
ORD-10341,CUST-1417,PROD-108,2026-04-02,2,Completed
ORD-10187,CUST-1368,PROD-115,2026-04-02,1,Completed
ORD-13929,CUST-1496,PROD-107,2026-04-02,1,Returned
ORD-10053,CUST-1020,PROD-111,2026-04-02,5,Completed
ORD-10212,CUST-1136,PROD-120,2026-04-02,4,Completed
ORD-13694,CUST-1406,PROD-100,2026-04-02,1,Returned
ORD-10272,CUST-1141,PROD-119,2026-04-02,1,Completed
ORD-10307,CUST-1145,PROD-124,2026-04-03,1,Completed
ORD-10481,CUST-1482,PROD-113,2026-04-03,1,Completed
ORD-11214,CUST-1254,PROD-106,2026-04-03,1,Completed
ORD-13154,CUST-1182,PROD-110,2026-04-03,1,Returned
ORD-10480,CUST-1243,PROD-105,2026-04-03,1,Completed
ORD-12420,CUST-1300,PROD-111,2026-04-03,3,Completed
ORD-10736,CUST-1267,PROD-102,2026-04-03,2,Completed
ORD-13579,CUST-1180,PROD-129,2026-04-03,1,Completed
ORD-12002,CUST-1455,PROD-119,2026-04-04,1,Completed
ORD-11840,CUST-1458,PROD-129,2026-04-04,1,Completed
ORD-11283,CUST-1365,PROD-118,2026-04-04,1,Completed
ORD-11293,CUST-1248,PROD-101,2026-04-04,1,Completed
ORD-12774,CUST-1235,PROD-125,2026-04-04,1,Completed
ORD-14761,CUST-1068,PROD-118,2026-04-04,2,Completed
ORD-12069,CUST-1155,PROD-100,2026-04-05,1,Completed
ORD-12221,CUST-1284,PROD-102,2026-04-05,3,Completed
ORD-10041,CUST-1395,PROD-124,2026-04-05,1,Completed
ORD-12986,CUST-1491,PROD-109,2026-04-05,1,Completed
ORD-14312,CUST-1123,PROD-104,2026-04-05,2,Returned
ORD-13663,CUST-1497,PROD-125,2026-04-05,1,Completed
ORD-13104,CUST-1267,PROD-100,2026-04-05,1,Cancelled
ORD-10978,CUST-1404,PROD-111,2026-04-06,1,Completed
ORD-12473,CUST-1181,PROD-120,2026-04-06,1,Completed
ORD-11440,CUST-1089,PROD-117,2026-04-06,3,Completed
ORD-12003,CUST-1453,PROD-120,2026-04-06,1,Completed
ORD-11146,CUST-1032,PROD-103,2026-04-07,4,Completed
ORD-11430,CUST-1099,PROD-115,2026-04-07,4,Completed
ORD-14908,CUST-1470,PROD-110,2026-04-07,3,Completed
ORD-11206,CUST-1172,PROD-109,2026-04-07,5,Completed
ORD-11305,CUST-1056,PROD-124,2026-04-07,2,Completed
ORD-12434,CUST-1374,PROD-109,2026-04-07,1,Completed
ORD-12695,CUST-1038,PROD-107,2026-04-07,1,Completed
ORD-14652,CUST-1071,PROD-122,2026-04-07,5,Completed
ORD-13693,CUST-1202,PROD-126,2026-04-07,3,Completed
ORD-10874,CUST-1455,PROD-127,2026-04-07,2,Completed
ORD-12982,CUST-1015,PROD-104,2026-04-08,1,Completed
ORD-12252,CUST-1203,PROD-113,2026-04-08,2,Returned
ORD-13370,CUST-1316,PROD-117,2026-04-08,1,Completed
ORD-14383,CUST-1047,PROD-108,2026-04-08,1,Completed
ORD-10470,CUST-1000,PROD-111,2026-04-09,1,Completed
ORD-10536,CUST-1388,PROD-122,2026-04-09,2,Completed
ORD-11545,CUST-1225,PROD-113,2026-04-09,1,Completed
ORD-10573,CUST-1315,PROD-103,2026-04-09,1,Completed
ORD-11076,CUST-1019,PROD-102,2026-04-10,1,Completed
ORD-12044,CUST-1204,PROD-100,2026-04-10,3,Completed
ORD-13098,CUST-1200,PROD-125,2026-04-10,2,Completed
ORD-14580,CUST-1112,PROD-104,2026-04-10,1,Completed
ORD-11363,CUST-1147,PROD-116,2026-04-10,3,Completed
ORD-14268,CUST-1339,PROD-109,2026-04-10,1,Completed
ORD-13024,CUST-1347,PROD-113,2026-04-11,3,Completed
ORD-12861,CUST-1386,PROD-111,2026-04-11,2,Completed
ORD-12862,CUST-1092,PROD-126,2026-04-11,1,Completed
ORD-10666,CUST-1111,PROD-109,2026-04-11,2,Completed
ORD-11432,CUST-1395,PROD-110,2026-04-11,1,Completed
ORD-11826,CUST-1254,PROD-114,2026-04-11,1,Completed
ORD-11831,CUST-1059,PROD-128,2026-04-11,2,Completed
ORD-13118,CUST-1354,PROD-111,2026-04-11,3,Completed
ORD-14822,CUST-1370,PROD-126,2026-04-12,1,Cancelled
ORD-11155,CUST-1181,PROD-112,2026-04-13,3,Completed
ORD-12836,CUST-1105,PROD-113,2026-04-13,1,Completed
ORD-11808,CUST-1365,PROD-118,2026-04-13,1,Completed
ORD-12839,CUST-1352,PROD-113,2026-04-13,1,Completed
ORD-14492,CUST-1149,PROD-125,2026-04-13,1,Completed
ORD-13346,CUST-1379,PROD-113,2026-04-14,1,Completed
ORD-10145,CUST-1337,PROD-120,2026-04-14,2,Completed
ORD-10670,CUST-1018,PROD-100,2026-04-14,2,Cancelled
ORD-10896,CUST-1278,PROD-122,2026-04-14,4,Completed
ORD-13434,CUST-1417,PROD-108,2026-04-14,4,Completed
ORD-12855,CUST-1334,PROD-124,2026-04-14,2,Completed
ORD-10093,CUST-1085,PROD-124,2026-04-15,1,Completed
ORD-13328,CUST-1263,PROD-123,2026-04-15,3,Completed
ORD-13539,CUST-1384,PROD-111,2026-04-15,2,Returned
ORD-14184,CUST-1058,PROD-105,2026-04-15,1,Completed
ORD-14016,CUST-1179,PROD-110,2026-04-15,5,Completed
ORD-10332,CUST-1016,PROD-125,2026-04-16,3,Completed
ORD-10774,CUST-1039,PROD-121,2026-04-16,1,Completed
ORD-10806,CUST-1109,PROD-102,2026-04-16,1,Completed
ORD-14640,CUST-1055,PROD-106,2026-04-16,1,Completed
ORD-13122,CUST-1405,PROD-127,2026-04-16,2,Cancelled
ORD-11460,CUST-1100,PROD-122,2026-04-16,1,Completed
ORD-10207,CUST-1244,PROD-102,2026-04-16,4,Completed
ORD-12396,CUST-1173,PROD-103,2026-04-16,1,Completed
ORD-14389,CUST-1167,PROD-115,2026-04-16,2,Completed
ORD-14525,CUST-1356,PROD-101,2026-04-16,1,Completed
ORD-11178,CUST-1036,PROD-125,2026-04-16,1,Completed
ORD-14653,CUST-1118,PROD-124,2026-04-17,1,Returned
ORD-11780,CUST-1253,PROD-110,2026-04-17,1,Completed
ORD-12033,CUST-1081,PROD-115,2026-04-17,2,Completed
ORD-11585,CUST-1059,PROD-109,2026-04-17,2,Completed
ORD-11095,CUST-1145,PROD-115,2026-04-17,1,Completed
ORD-14411,CUST-1126,PROD-123,2026-04-17,1,Completed
ORD-11832,CUST-1269,PROD-102,2026-04-17,1,Completed
ORD-14210,CUST-1395,PROD-118,2026-04-18,1,Returned
ORD-12431,CUST-1169,PROD-114,2026-04-18,1,Completed
ORD-14508,CUST-1369,PROD-128,2026-04-18,1,Completed
ORD-13254,CUST-1349,PROD-118,2026-04-18,1,Completed
ORD-14204,CUST-1278,PROD-120,2026-04-18,4,Completed
ORD-12114,CUST-1379,PROD-108,2026-04-18,4,Returned
ORD-10684,CUST-1202,PROD-126,2026-04-19,2,Completed
ORD-11642,CUST-1311,PROD-120,2026-04-19,2,Completed
ORD-14344,CUST-1379,PROD-118,2026-04-19,1,Completed
ORD-12793,CUST-1065,PROD-124,2026-04-19,2,Completed
ORD-13672,CUST-1366,PROD-122,2026-04-19,1,Returned
ORD-11587,CUST-1354,PROD-104,2026-04-19,2,Completed
ORD-14402,CUST-1062,PROD-123,2026-04-19,1,Completed
ORD-13799,CUST-1016,PROD-101,2026-04-19,1,Completed
ORD-10930,CUST-1284,PROD-108,2026-04-20,1,Cancelled
ORD-14007,CUST-1423,PROD-117,2026-04-20,2,Completed
ORD-11685,CUST-1142,PROD-106,2026-04-20,1,Completed
ORD-10814,CUST-1016,PROD-117,2026-04-20,1,Completed
ORD-14827,CUST-1317,PROD-126,2026-04-20,1,Completed
ORD-10385,CUST-1149,PROD-122,2026-04-20,4,Completed
ORD-12293,CUST-1078,PROD-110,2026-04-20,1,Completed
ORD-13244,CUST-1289,PROD-118,2026-04-20,4,Completed
ORD-11296,CUST-1056,PROD-105,2026-04-20,1,Completed
ORD-10180,CUST-1432,PROD-117,2026-04-21,2,Completed
ORD-11665,CUST-1347,PROD-111,2026-04-21,1,Completed
ORD-10395,CUST-1193,PROD-100,2026-04-21,1,Completed
ORD-11398,CUST-1409,PROD-102,2026-04-21,1,Completed
ORD-12640,CUST-1351,PROD-101,2026-04-21,2,Completed
ORD-12055,CUST-1456,PROD-113,2026-04-21,1,Completed
ORD-13125,CUST-1420,PROD-111,2026-04-21,3,Completed
ORD-11771,CUST-1039,PROD-119,2026-04-22,1,Completed
ORD-12304,CUST-1063,PROD-125,2026-04-22,1,Completed
ORD-12051,CUST-1173,PROD-106,2026-04-22,1,Completed
ORD-13007,CUST-1388,PROD-118,2026-04-22,3,Completed
ORD-12150,CUST-1169,PROD-119,2026-04-23,3,Completed
ORD-12036,CUST-1182,PROD-128,2026-04-23,1,Completed
ORD-13074,CUST-1152,PROD-107,2026-04-23,2,Completed
ORD-11541,CUST-1196,PROD-100,2026-04-23,5,Completed
ORD-14164,CUST-1313,PROD-106,2026-04-23,3,Cancelled
ORD-12541,CUST-1296,PROD-124,2026-04-23,4,Returned
ORD-13966,CUST-1432,PROD-117,2026-04-23,1,Completed
ORD-13117,CUST-1005,PROD-116,2026-04-23,2,Completed
ORD-12724,CUST-1341,PROD-127,2026-04-24,2,Completed
ORD-12010,CUST-1263,PROD-100,2026-04-24,4,Completed
ORD-14859,CUST-1086,PROD-125,2026-04-24,1,Completed
ORD-10755,CUST-1400,PROD-129,2026-04-24,1,Completed
ORD-14037,CUST-1056,PROD-111,2026-04-24,3,Completed
ORD-13120,CUST-1293,PROD-108,2026-04-24,2,Cancelled
ORD-13393,CUST-1250,PROD-107,2026-04-24,1,Completed
ORD-13529,CUST-1066,PROD-109,2026-04-24,1,Returned
ORD-11930,CUST-1266,PROD-117,2026-04-24,4,Completed
ORD-13490,CUST-1365,PROD-114,2026-04-25,1,Completed
ORD-11521,CUST-1419,PROD-105,2026-04-25,5,Completed
ORD-10765,CUST-1004,PROD-104,2026-04-25,1,Completed
ORD-14108,CUST-1084,PROD-110,2026-04-25,1,Completed
ORD-10527,CUST-1008,PROD-106,2026-04-26,1,Completed
ORD-10469,CUST-1179,PROD-125,2026-04-26,3,Returned
ORD-12251,CUST-1446,PROD-107,2026-04-26,1,Completed
ORD-14006,CUST-1431,PROD-119,2026-04-26,2,Completed
ORD-13969,CUST-1170,PROD-113,2026-04-27,3,Cancelled
ORD-12956,CUST-1311,PROD-109,2026-04-27,1,Completed
ORD-12399,CUST-1308,PROD-118,2026-04-27,2,Completed
ORD-10433,CUST-1248,PROD-107,2026-04-27,1,Completed
ORD-10820,CUST-1156,PROD-105,2026-04-27,1,Completed
ORD-10161,CUST-1143,PROD-117,2026-04-27,1,Completed
ORD-10056,CUST-1337,PROD-125,2026-04-27,2,Completed
ORD-10825,CUST-1354,PROD-100,2026-04-28,1,Completed
ORD-14168,CUST-1350,PROD-107,2026-04-28,1,Completed
ORD-13668,CUST-1049,PROD-110,2026-04-28,2,Completed
ORD-12691,CUST-1103,PROD-128,2026-04-29,3,Completed
ORD-13863,CUST-1105,PROD-129,2026-04-29,1,Completed
ORD-13435,CUST-1222,PROD-102,2026-04-29,1,Completed
ORD-13879,CUST-1118,PROD-104,2026-04-30,1,Completed
ORD-12261,CUST-1016,PROD-101,2026-04-30,1,Completed
ORD-13617,CUST-1225,PROD-110,2026-05-01,1,Completed
ORD-12603,CUST-1146,PROD-113,2026-05-01,2,Completed
ORD-14341,CUST-1094,PROD-125,2026-05-01,1,Completed
ORD-10283,CUST-1467,PROD-100,2026-05-01,1,Completed
ORD-14249,CUST-1409,PROD-112,2026-05-01,1,Completed
ORD-14766,CUST-1342,PROD-103,2026-05-01,1,Cancelled
ORD-11429,CUST-1162,PROD-100,2026-05-01,3,Completed
ORD-14277,CUST-1175,PROD-128,2026-05-01,1,Completed
ORD-10472,CUST-1128,PROD-122,2026-05-02,2,Completed
ORD-11241,CUST-1094,PROD-104,2026-05-02,1,Completed
ORD-13922,CUST-1186,PROD-102,2026-05-02,2,Completed
ORD-13281,CUST-1250,PROD-127,2026-05-02,2,Completed
ORD-12873,CUST-1200,PROD-109,2026-05-02,1,Completed
ORD-11243,CUST-1085,PROD-107,2026-05-02,3,Completed
ORD-11139,CUST-1295,PROD-123,2026-05-03,1,Cancelled
ORD-12788,CUST-1200,PROD-115,2026-05-03,1,Completed
ORD-13999,CUST-1107,PROD-111,2026-05-03,1,Completed
ORD-13630,CUST-1142,PROD-129,2026-05-03,1,Completed
ORD-11395,CUST-1487,PROD-121,2026-05-03,1,Completed
ORD-14550,CUST-1220,PROD-113,2026-05-03,3,Completed
ORD-11853,CUST-1056,PROD-108,2026-05-04,2,Completed
ORD-13581,CUST-1486,PROD-128,2026-05-04,1,Completed
ORD-14561,CUST-1279,PROD-111,2026-05-04,1,Completed
ORD-14479,CUST-1030,PROD-118,2026-05-05,2,Completed
ORD-10623,CUST-1349,PROD-110,2026-05-05,3,Completed
ORD-14348,CUST-1294,PROD-126,2026-05-05,1,Completed
ORD-14200,CUST-1463,PROD-128,2026-05-05,1,Completed
ORD-14379,CUST-1063,PROD-111,2026-05-05,2,Completed
ORD-10035,CUST-1281,PROD-109,2026-05-05,1,Completed
ORD-12900,CUST-1388,PROD-112,2026-05-05,4,Cancelled
ORD-12360,CUST-1434,PROD-128,2026-05-06,2,Completed
ORD-12015,CUST-1056,PROD-129,2026-05-06,1,Completed
ORD-10077,CUST-1467,PROD-110,2026-05-06,1,Completed
ORD-14951,CUST-1098,PROD-119,2026-05-06,1,Cancelled
ORD-12635,CUST-1260,PROD-100,2026-05-07,1,Completed
ORD-11912,CUST-1058,PROD-116,2026-05-07,2,Completed
ORD-10945,CUST-1198,PROD-125,2026-05-07,1,Completed
ORD-10390,CUST-1289,PROD-118,2026-05-07,1,Completed
ORD-14520,CUST-1100,PROD-108,2026-05-07,1,Completed
ORD-11605,CUST-1014,PROD-102,2026-05-07,1,Completed
ORD-13248,CUST-1163,PROD-112,2026-05-08,4,Completed
ORD-10574,CUST-1298,PROD-103,2026-05-08,1,Completed
ORD-14678,CUST-1049,PROD-106,2026-05-08,1,Completed
ORD-13612,CUST-1404,PROD-115,2026-05-08,1,Returned
ORD-10676,CUST-1386,PROD-123,2026-05-09,1,Cancelled
ORD-13869,CUST-1069,PROD-125,2026-05-09,1,Completed
ORD-10511,CUST-1302,PROD-110,2026-05-09,1,Completed
ORD-11004,CUST-1315,PROD-113,2026-05-09,2,Completed
ORD-11619,CUST-1497,PROD-106,2026-05-09,1,Completed
ORD-14800,CUST-1483,PROD-101,2026-05-10,1,Returned
ORD-13188,CUST-1180,PROD-101,2026-05-10,1,Completed
ORD-10895,CUST-1402,PROD-114,2026-05-10,4,Completed
ORD-11813,CUST-1391,PROD-111,2026-05-10,1,Completed
ORD-14306,CUST-1086,PROD-125,2026-05-10,1,Completed
ORD-10164,CUST-1156,PROD-115,2026-05-10,1,Returned
ORD-12469,CUST-1409,PROD-105,2026-05-10,1,Completed
ORD-14053,CUST-1302,PROD-112,2026-05-10,4,Completed
ORD-12600,CUST-1094,PROD-129,2026-05-11,1,Cancelled
ORD-10679,CUST-1336,PROD-112,2026-05-11,1,Completed
ORD-10454,CUST-1300,PROD-123,2026-05-11,2,Completed
ORD-13884,CUST-1210,PROD-124,2026-05-11,5,Completed
ORD-12142,CUST-1252,PROD-114,2026-05-11,1,Completed
ORD-11356,CUST-1311,PROD-129,2026-05-12,1,Completed
ORD-10596,CUST-1157,PROD-126,2026-05-12,1,Completed
ORD-13610,CUST-1344,PROD-110,2026-05-13,1,Completed
ORD-10303,CUST-1462,PROD-101,2026-05-13,1,Completed
ORD-13735,CUST-1261,PROD-129,2026-05-14,1,Completed
ORD-10829,CUST-1046,PROD-106,2026-05-14,1,Completed
ORD-11793,CUST-1458,PROD-121,2026-05-14,1,Completed
ORD-11304,CUST-1138,PROD-111,2026-05-14,1,Completed
ORD-10291,CUST-1008,PROD-106,2026-05-14,3,Completed
ORD-14109,CUST-1175,PROD-111,2026-05-14,1,Completed
ORD-13601,CUST-1352,PROD-114,2026-05-15,1,Completed
ORD-12893,CUST-1167,PROD-104,2026-05-15,1,Cancelled
ORD-12210,CUST-1157,PROD-126,2026-05-15,1,Completed
ORD-10805,CUST-1038,PROD-114,2026-05-15,1,Cancelled
ORD-14422,CUST-1438,PROD-115,2026-05-15,2,Completed
ORD-12837,CUST-1311,PROD-125,2026-05-15,1,Completed
ORD-14495,CUST-1103,PROD-116,2026-05-15,2,Completed
ORD-12735,CUST-1338,PROD-129,2026-05-15,1,Completed
ORD-10732,CUST-1308,PROD-128,2026-05-15,1,Completed
ORD-10911,CUST-1333,PROD-121,2026-05-16,1,Completed
ORD-11026,CUST-1243,PROD-124,2026-05-16,1,Returned
ORD-13930,CUST-1330,PROD-121,2026-05-16,1,Completed
ORD-12964,CUST-1291,PROD-121,2026-05-17,2,Completed
ORD-11892,CUST-1005,PROD-101,2026-05-17,1,Completed
ORD-13942,CUST-1412,PROD-100,2026-05-17,1,Completed
ORD-14387,CUST-1152,PROD-104,2026-05-17,1,Cancelled
ORD-13382,CUST-1263,PROD-118,2026-05-17,1,Completed
ORD-11003,CUST-1316,PROD-129,2026-05-17,1,Completed
ORD-11959,CUST-1114,PROD-102,2026-05-17,2,Completed
ORD-12324,CUST-1480,PROD-127,2026-05-17,1,Completed
ORD-10739,CUST-1167,PROD-110,2026-05-17,1,Completed
ORD-13352,CUST-1243,PROD-128,2026-05-18,1,Completed
ORD-12272,CUST-1025,PROD-109,2026-05-18,4,Completed
ORD-12266,CUST-1060,PROD-104,2026-05-18,3,Completed
ORD-14610,CUST-1469,PROD-102,2026-05-18,5,Completed
ORD-14799,CUST-1412,PROD-119,2026-05-18,1,Completed
ORD-12416,CUST-1287,PROD-113,2026-05-18,1,Completed
ORD-14150,CUST-1056,PROD-124,2026-05-18,2,Completed
ORD-14631,CUST-1279,PROD-108,2026-05-19,1,Completed
ORD-12144,CUST-1153,PROD-129,2026-05-19,3,Completed
ORD-11766,CUST-1343,PROD-128,2026-05-19,1,Completed
ORD-12417,CUST-1228,PROD-111,2026-05-19,2,Completed
ORD-14486,CUST-1055,PROD-121,2026-05-19,1,Completed
ORD-12542,CUST-1489,PROD-103,2026-05-19,5,Returned
ORD-12102,CUST-1041,PROD-129,2026-05-19,1,Completed
ORD-14064,CUST-1283,PROD-129,2026-05-19,1,Completed
ORD-12374,CUST-1169,PROD-109,2026-05-19,1,Completed
ORD-10509,CUST-1371,PROD-100,2026-05-20,2,Completed
ORD-11699,CUST-1268,PROD-119,2026-05-20,2,Completed
ORD-14179,CUST-1193,PROD-128,2026-05-20,1,Completed
ORD-12092,CUST-1201,PROD-102,2026-05-20,1,Completed
ORD-14034,CUST-1452,PROD-128,2026-05-20,1,Completed
ORD-13277,CUST-1498,PROD-102,2026-05-20,1,Completed
ORD-14405,CUST-1026,PROD-102,2026-05-20,1,Completed
ORD-10201,CUST-1041,PROD-114,2026-05-20,1,Completed
ORD-11069,CUST-1296,PROD-114,2026-05-21,1,Completed
ORD-10924,CUST-1099,PROD-110,2026-05-21,1,Cancelled
ORD-12925,CUST-1268,PROD-110,2026-05-21,1,Completed
ORD-10132,CUST-1379,PROD-112,2026-05-21,2,Completed
ORD-12717,CUST-1081,PROD-102,2026-05-21,1,Completed
ORD-12041,CUST-1145,PROD-115,2026-05-22,1,Completed
ORD-12927,CUST-1368,PROD-122,2026-05-22,1,Completed
ORD-13311,CUST-1378,PROD-101,2026-05-22,1,Completed
ORD-11999,CUST-1352,PROD-102,2026-05-22,1,Completed
ORD-10902,CUST-1254,PROD-101,2026-05-22,1,Completed
ORD-10237,CUST-1142,PROD-109,2026-05-23,1,Completed
ORD-14904,CUST-1283,PROD-120,2026-05-23,4,Returned
ORD-14474,CUST-1358,PROD-101,2026-05-23,1,Completed
ORD-14238,CUST-1498,PROD-115,2026-05-23,1,Completed
ORD-12909,CUST-1256,PROD-120,2026-05-23,3,Completed
ORD-13456,CUST-1169,PROD-117,2026-05-23,1,Completed
ORD-14757,CUST-1409,PROD-116,2026-05-23,5,Completed
ORD-12270,CUST-1355,PROD-127,2026-05-23,1,Completed
ORD-14864,CUST-1044,PROD-127,2026-05-23,1,Completed
ORD-14248,CUST-1463,PROD-123,2026-05-23,1,Completed
ORD-14706,CUST-1412,PROD-126,2026-05-23,4,Completed
ORD-14408,CUST-1236,PROD-100,2026-05-23,4,Cancelled
ORD-13790,CUST-1172,PROD-121,2026-05-24,1,Completed
ORD-12271,CUST-1038,PROD-118,2026-05-24,1,Completed
ORD-13628,CUST-1412,PROD-112,2026-05-24,1,Completed
ORD-14732,CUST-1165,PROD-108,2026-05-24,4,Completed
ORD-12056,CUST-1465,PROD-110,2026-05-24,2,Completed
ORD-11231,CUST-1431,PROD-111,2026-05-24,2,Completed
ORD-10921,CUST-1433,PROD-110,2026-05-25,1,Completed
ORD-12223,CUST-1211,PROD-105,2026-05-25,4,Completed
ORD-14429,CUST-1045,PROD-124,2026-05-25,1,Completed
ORD-14256,CUST-1468,PROD-115,2026-05-25,2,Returned
ORD-14128,CUST-1157,PROD-107,2026-05-26,3,Returned
ORD-13416,CUST-1366,PROD-125,2026-05-26,1,Completed
ORD-13486,CUST-1271,PROD-121,2026-05-26,1,Completed
ORD-11753,CUST-1077,PROD-122,2026-05-26,2,Cancelled
ORD-10597,CUST-1365,PROD-120,2026-05-26,2,Completed
ORD-12472,CUST-1348,PROD-126,2026-05-26,1,Cancelled
ORD-13751,CUST-1146,PROD-128,2026-05-27,1,Completed
ORD-13151,CUST-1091,PROD-102,2026-05-27,4,Completed
ORD-12375,CUST-1038,PROD-120,2026-05-27,2,Completed
ORD-14444,CUST-1463,PROD-108,2026-05-27,1,Completed
ORD-12301,CUST-1196,PROD-111,2026-05-27,1,Completed
ORD-14446,CUST-1281,PROD-124,2026-05-27,2,Completed
ORD-13527,CUST-1182,PROD-110,2026-05-28,5,Completed
ORD-13141,CUST-1474,PROD-119,2026-05-28,1,Cancelled
ORD-14868,CUST-1169,PROD-116,2026-05-28,1,Cancelled
ORD-10541,CUST-1256,PROD-125,2026-05-28,1,Completed
ORD-12303,CUST-1279,PROD-122,2026-05-28,1,Completed
ORD-12260,CUST-1418,PROD-109,2026-05-28,3,Completed
ORD-11058,CUST-1472,PROD-101,2026-05-28,2,Returned
ORD-14125,CUST-1240,PROD-129,2026-05-28,1,Completed
ORD-11130,CUST-1473,PROD-106,2026-05-28,1,Completed
ORD-11165,CUST-1073,PROD-116,2026-05-28,1,Completed
ORD-14874,CUST-1461,PROD-108,2026-05-29,1,Completed
ORD-10651,CUST-1426,PROD-106,2026-05-29,1,Completed
ORD-11847,CUST-1010,PROD-109,2026-05-29,2,Completed
ORD-10964,CUST-1358,PROD-121,2026-05-29,1,Completed
ORD-13570,CUST-1141,PROD-117,2026-05-29,1,Completed
ORD-11176,CUST-1384,PROD-110,2026-05-29,2,Completed
ORD-11251,CUST-1084,PROD-102,2026-05-30,3,Completed
ORD-10686,CUST-1259,PROD-103,2026-05-30,2,Cancelled
ORD-12189,CUST-1052,PROD-114,2026-05-30,3,Completed
ORD-10268,CUST-1129,PROD-109,2026-05-30,1,Completed
ORD-14245,CUST-1483,PROD-113,2026-05-30,1,Completed
ORD-14651,CUST-1039,PROD-108,2026-05-31,2,Cancelled
ORD-13814,CUST-1490,PROD-116,2026-05-31,1,Completed
ORD-14161,CUST-1420,PROD-108,2026-05-31,5,Returned
ORD-10901,CUST-1416,PROD-123,2026-05-31,1,Completed
ORD-10672,CUST-1358,PROD-126,2026-05-31,2,Returned
ORD-14519,CUST-1388,PROD-102,2026-05-31,2,Completed
ORD-10700,CUST-1385,PROD-128,2026-05-31,3,Completed
ORD-11141,CUST-1464,PROD-125,2026-05-31,1,Completed
ORD-10427,CUST-1467,PROD-129,2026-06-01,4,Completed
ORD-12421,CUST-1411,PROD-108,2026-06-01,2,Completed
ORD-13379,CUST-1350,PROD-124,2026-06-01,1,Completed
ORD-10023,CUST-1226,PROD-124,2026-06-01,1,Completed
ORD-14235,CUST-1432,PROD-118,2026-06-02,2,Completed
ORD-12068,CUST-1057,PROD-106,2026-06-02,3,Completed
ORD-14336,CUST-1015,PROD-101,2026-06-02,1,Completed
ORD-13873,CUST-1087,PROD-112,2026-06-02,3,Completed
ORD-10142,CUST-1013,PROD-108,2026-06-03,1,Completed
ORD-13239,CUST-1183,PROD-101,2026-06-03,2,Completed
ORD-10997,CUST-1429,PROD-102,2026-06-03,1,Completed
ORD-10962,CUST-1081,PROD-106,2026-06-03,2,Completed
ORD-12171,CUST-1403,PROD-115,2026-06-03,1,Completed
ORD-13835,CUST-1091,PROD-113,2026-06-04,1,Completed
ORD-10518,CUST-1037,PROD-122,2026-06-04,1,Completed
ORD-14604,CUST-1156,PROD-101,2026-06-04,2,Returned
ORD-12667,CUST-1234,PROD-108,2026-06-05,4,Returned
ORD-11929,CUST-1306,PROD-101,2026-06-05,1,Completed
ORD-12563,CUST-1179,PROD-125,2026-06-05,4,Completed
ORD-13973,CUST-1063,PROD-113,2026-06-05,3,Cancelled
ORD-12078,CUST-1039,PROD-111,2026-06-05,1,Completed
ORD-11164,CUST-1286,PROD-125,2026-06-05,1,Returned
ORD-13345,CUST-1452,PROD-112,2026-06-05,2,Completed
ORD-10496,CUST-1066,PROD-110,2026-06-05,3,Completed
ORD-13913,CUST-1262,PROD-122,2026-06-05,1,Completed
ORD-14216,CUST-1368,PROD-116,2026-06-05,1,Completed
ORD-11491,CUST-1395,PROD-108,2026-06-06,1,Cancelled
ORD-13050,CUST-1102,PROD-121,2026-06-06,4,Completed
ORD-12863,CUST-1462,PROD-103,2026-06-07,3,Completed
ORD-12567,CUST-1177,PROD-112,2026-06-07,1,Completed
ORD-14042,CUST-1497,PROD-117,2026-06-07,1,Completed
ORD-13682,CUST-1225,PROD-128,2026-06-07,1,Completed
ORD-13525,CUST-1186,PROD-104,2026-06-08,3,Returned
ORD-11100,CUST-1289,PROD-106,2026-06-08,1,Completed
ORD-10706,CUST-1374,PROD-117,2026-06-08,3,Completed
ORD-11562,CUST-1217,PROD-123,2026-06-08,1,Completed
ORD-10730,CUST-1150,PROD-127,2026-06-08,1,Completed
ORD-10622,CUST-1155,PROD-116,2026-06-08,1,Completed
ORD-10671,CUST-1082,PROD-113,2026-06-08,1,Completed
ORD-13099,CUST-1103,PROD-117,2026-06-09,4,Completed
ORD-14374,CUST-1322,PROD-103,2026-06-09,2,Completed
ORD-10599,CUST-1390,PROD-123,2026-06-09,1,Completed
ORD-14670,CUST-1302,PROD-105,2026-06-09,1,Cancelled
ORD-13332,CUST-1145,PROD-104,2026-06-09,1,Completed
ORD-10229,CUST-1073,PROD-102,2026-06-10,1,Completed
ORD-12854,CUST-1151,PROD-117,2026-06-10,2,Returned
ORD-10734,CUST-1438,PROD-113,2026-06-10,1,Completed
ORD-10262,CUST-1103,PROD-127,2026-06-10,1,Completed
ORD-14567,CUST-1205,PROD-110,2026-06-10,5,Completed
ORD-11952,CUST-1318,PROD-111,2026-06-10,2,Completed
ORD-14735,CUST-1113,PROD-120,2026-06-10,3,Completed
ORD-11354,CUST-1278,PROD-110,2026-06-11,1,Completed
ORD-13830,CUST-1084,PROD-105,2026-06-11,1,Completed
ORD-10239,CUST-1005,PROD-125,2026-06-11,1,Cancelled
ORD-10200,CUST-1324,PROD-112,2026-06-11,1,Completed
ORD-14454,CUST-1176,PROD-117,2026-06-12,1,Completed
ORD-14635,CUST-1308,PROD-123,2026-06-12,2,Completed
ORD-13131,CUST-1406,PROD-107,2026-06-12,4,Completed
ORD-14036,CUST-1180,PROD-110,2026-06-12,1,Completed
ORD-12436,CUST-1292,PROD-116,2026-06-12,1,Completed
ORD-13718,CUST-1102,PROD-113,2026-06-12,1,Completed
ORD-14928,CUST-1408,PROD-105,2026-06-12,1,Completed
ORD-10904,CUST-1440,PROD-119,2026-06-12,1,Completed
ORD-10752,CUST-1263,PROD-115,2026-06-12,1,Completed
ORD-12011,CUST-1366,PROD-108,2026-06-13,2,Returned
ORD-12482,CUST-1267,PROD-102,2026-06-13,1,Returned
ORD-12801,CUST-1132,PROD-113,2026-06-13,1,Completed
ORD-12811,CUST-1202,PROD-127,2026-06-13,1,Completed
ORD-10763,CUST-1300,PROD-102,2026-06-13,2,Completed
ORD-10894,CUST-1400,PROD-104,2026-06-13,1,Completed
ORD-12418,CUST-1426,PROD-111,2026-06-13,2,Completed
ORD-14790,CUST-1026,PROD-119,2026-06-13,2,Returned
ORD-13838,CUST-1440,PROD-118,2026-06-13,3,Completed
ORD-12358,CUST-1273,PROD-105,2026-06-14,2,Completed
ORD-12505,CUST-1143,PROD-125,2026-06-14,2,Completed
ORD-11045,CUST-1196,PROD-127,2026-06-14,1,Completed
ORD-11858,CUST-1151,PROD-117,2026-06-14,3,Completed
ORD-10246,CUST-1244,PROD-102,2026-06-14,1,Completed
ORD-10290,CUST-1196,PROD-105,2026-06-15,1,Completed
ORD-11757,CUST-1177,PROD-100,2026-06-15,1,Completed
ORD-13049,CUST-1303,PROD-100,2026-06-15,5,Completed
ORD-14987,CUST-1356,PROD-125,2026-06-16,2,Completed
ORD-12445,CUST-1351,PROD-107,2026-06-16,1,Returned
ORD-13901,CUST-1372,PROD-116,2026-06-16,2,Returned
ORD-10294,CUST-1432,PROD-106,2026-06-16,2,Completed
ORD-12617,CUST-1246,PROD-104,2026-06-16,1,Completed
ORD-13491,CUST-1136,PROD-103,2026-06-16,1,Completed
ORD-12325,CUST-1337,PROD-106,2026-06-16,1,Completed
ORD-10382,CUST-1170,PROD-108,2026-06-16,1,Completed
ORD-13728,CUST-1082,PROD-117,2026-06-16,1,Returned
ORD-12514,CUST-1498,PROD-115,2026-06-16,1,Completed
ORD-11144,CUST-1360,PROD-111,2026-06-17,3,Completed
ORD-14009,CUST-1155,PROD-123,2026-06-17,3,Completed
ORD-12124,CUST-1493,PROD-120,2026-06-17,3,Completed
ORD-11291,CUST-1357,PROD-117,2026-06-17,2,Completed
ORD-11343,CUST-1008,PROD-108,2026-06-17,3,Returned
ORD-10322,CUST-1117,PROD-120,2026-06-17,1,Completed
ORD-10585,CUST-1163,PROD-128,2026-06-17,1,Cancelled
ORD-10500,CUST-1296,PROD-100,2026-06-18,1,Cancelled
ORD-12566,CUST-1070,PROD-110,2026-06-18,1,Completed
ORD-12029,CUST-1378,PROD-104,2026-06-18,1,Completed
ORD-11437,CUST-1057,PROD-129,2026-06-18,2,Completed
ORD-12380,CUST-1279,PROD-103,2026-06-18,1,Completed
ORD-11759,CUST-1368,PROD-110,2026-06-18,3,Completed
ORD-10278,CUST-1378,PROD-123,2026-06-19,1,Completed
ORD-14716,CUST-1112,PROD-116,2026-06-19,3,Completed
ORD-13955,CUST-1475,PROD-117,2026-06-19,1,Completed
ORD-10276,CUST-1473,PROD-120,2026-06-19,2,Completed
ORD-13859,CUST-1151,PROD-128,2026-06-19,1,Returned
ORD-13418,CUST-1368,PROD-101,2026-06-19,1,Completed
ORD-10133,CUST-1140,PROD-126,2026-06-19,1,Completed
ORD-10867,CUST-1068,PROD-105,2026-06-19,3,Returned
ORD-14846,CUST-1378,PROD-111,2026-06-19,1,Completed
ORD-13480,CUST-1452,PROD-109,2026-06-19,2,Completed
ORD-12289,CUST-1138,PROD-112,2026-06-19,1,Completed
ORD-13354,CUST-1131,PROD-103,2026-06-20,5,Completed
ORD-11032,CUST-1311,PROD-105,2026-06-20,1,Completed
ORD-14612,CUST-1251,PROD-120,2026-06-20,1,Completed
ORD-11340,CUST-1004,PROD-105,2026-06-20,1,Completed
ORD-10884,CUST-1220,PROD-123,2026-06-20,1,Completed
ORD-13196,CUST-1311,PROD-110,2026-06-20,1,Completed
ORD-14436,CUST-1059,PROD-123,2026-06-20,1,Completed
ORD-10691,CUST-1314,PROD-113,2026-06-21,1,Completed
ORD-10324,CUST-1347,PROD-122,2026-06-21,2,Completed
ORD-12897,CUST-1349,PROD-128,2026-06-21,1,Completed
ORD-11063,CUST-1430,PROD-100,2026-06-21,1,Completed
ORD-12490,CUST-1007,PROD-119,2026-06-21,4,Completed
ORD-12345,CUST-1262,PROD-122,2026-06-21,1,Completed
ORD-12111,CUST-1079,PROD-109,2026-06-21,1,Completed
ORD-11455,CUST-1176,PROD-128,2026-06-21,3,Completed
ORD-10664,CUST-1051,PROD-103,2026-06-22,4,Completed
ORD-11935,CUST-1126,PROD-121,2026-06-22,1,Completed
ORD-11956,CUST-1052,PROD-111,2026-06-22,3,Completed
ORD-10606,CUST-1055,PROD-114,2026-06-22,3,Completed
ORD-12850,CUST-1344,PROD-128,2026-06-22,2,Completed
ORD-11015,CUST-1179,PROD-129,2026-06-22,1,Completed
ORD-12517,CUST-1314,PROD-121,2026-06-22,3,Completed
ORD-12365,CUST-1429,PROD-122,2026-06-23,3,Completed
ORD-14613,CUST-1105,PROD-123,2026-06-23,1,Completed
ORD-12631,CUST-1154,PROD-119,2026-06-23,1,Completed
ORD-14283,CUST-1311,PROD-120,2026-06-23,1,Completed
ORD-14401,CUST-1235,PROD-104,2026-06-23,1,Completed
ORD-13810,CUST-1168,PROD-129,2026-06-23,2,Returned
ORD-13516,CUST-1252,PROD-112,2026-06-23,1,Completed
ORD-10656,CUST-1335,PROD-103,2026-06-23,4,Completed
ORD-11543,CUST-1176,PROD-113,2026-06-24,2,Completed
ORD-14779,CUST-1390,PROD-115,2026-06-24,1,Completed
ORD-11583,CUST-1100,PROD-103,2026-06-24,3,Completed
ORD-11450,CUST-1330,PROD-126,2026-06-24,1,Completed
ORD-12887,CUST-1138,PROD-105,2026-06-25,2,Completed
ORD-13734,CUST-1484,PROD-101,2026-06-25,1,Completed
ORD-14891,CUST-1056,PROD-101,2026-06-25,1,Completed
ORD-12138,CUST-1318,PROD-110,2026-06-25,2,Completed
ORD-10539,CUST-1286,PROD-105,2026-06-25,2,Completed
ORD-14791,CUST-1301,PROD-103,2026-06-26,2,Returned
ORD-10367,CUST-1150,PROD-113,2026-06-26,1,Completed
ORD-13621,CUST-1183,PROD-112,2026-06-26,1,Completed
ORD-13396,CUST-1256,PROD-119,2026-06-26,2,Completed
ORD-10903,CUST-1102,PROD-129,2026-06-26,2,Returned
ORD-13965,CUST-1110,PROD-121,2026-06-26,2,Completed
ORD-12107,CUST-1052,PROD-105,2026-06-26,1,Completed
ORD-14056,CUST-1150,PROD-111,2026-06-27,1,Completed
ORD-13204,CUST-1081,PROD-100,2026-06-27,2,Completed
ORD-13343,CUST-1388,PROD-126,2026-06-27,2,Cancelled
ORD-14633,CUST-1495,PROD-107,2026-06-27,2,Completed
ORD-10900,CUST-1070,PROD-120,2026-06-27,4,Completed
ORD-10556,CUST-1079,PROD-126,2026-06-27,1,Completed
ORD-11357,CUST-1019,PROD-100,2026-06-27,2,Completed
ORD-11610,CUST-1179,PROD-103,2026-06-27,1,Completed
ORD-14113,CUST-1268,PROD-104,2026-06-27,1,Completed
ORD-13824,CUST-1110,PROD-109,2026-06-28,2,Cancelled
ORD-12174,CUST-1157,PROD-112,2026-06-28,2,Completed
ORD-12980,CUST-1271,PROD-128,2026-06-28,1,Completed
ORD-12526,CUST-1004,PROD-122,2026-06-28,2,Completed
ORD-11504,CUST-1344,PROD-121,2026-06-28,1,Completed
ORD-12537,CUST-1132,PROD-116,2026-06-28,1,Completed
ORD-11285,CUST-1168,PROD-118,2026-06-28,1,Completed
ORD-14081,CUST-1475,PROD-106,2026-06-28,4,Completed
ORD-11819,CUST-1073,PROD-115,2026-06-28,2,Completed
ORD-11476,CUST-1464,PROD-127,2026-06-28,3,Completed
ORD-13768,CUST-1494,PROD-120,2026-06-28,2,Completed
ORD-13465,CUST-1244,PROD-106,2026-06-28,1,Completed
ORD-14467,CUST-1189,PROD-117,2026-06-29,1,Completed
ORD-10875,CUST-1490,PROD-126,2026-06-29,1,Completed
ORD-13139,CUST-1172,PROD-125,2026-06-29,2,Completed
ORD-14134,CUST-1039,PROD-125,2026-06-29,1,Completed
ORD-13028,CUST-1370,PROD-106,2026-06-29,1,Completed
ORD-10985,CUST-1283,PROD-109,2026-06-29,1,Completed
ORD-12740,CUST-1107,PROD-115,2026-06-29,2,Completed
ORD-14407,CUST-1002,PROD-100,2026-06-29,1,Completed
ORD-13368,CUST-1252,PROD-104,2026-06-29,2,Completed
ORD-11778,CUST-1091,PROD-123,2026-06-29,2,Completed
ORD-14857,CUST-1195,PROD-128,2026-06-29,5,Completed
ORD-12437,CUST-1468,PROD-120,2026-06-30,1,Completed
ORD-11413,CUST-1301,PROD-105,2026-06-30,5,Completed
ORD-14903,CUST-1197,PROD-128,2026-06-30,2,Completed
ORD-13920,CUST-1499,PROD-100,2026-06-30,4,Completed
ORD-14573,CUST-1311,PROD-115,2026-06-30,1,Returned
ORD-10577,CUST-1199,PROD-107,2026-07-01,1,Completed
ORD-10748,CUST-1496,PROD-107,2026-07-01,3,Completed
ORD-10100,CUST-1404,PROD-123,2026-07-01,2,Completed
ORD-12931,CUST-1020,PROD-106,2026-07-01,1,Completed
ORD-14314,CUST-1323,PROD-127,2026-07-01,1,Completed
ORD-11724,CUST-1473,PROD-114,2026-07-01,1,Completed
ORD-11385,CUST-1374,PROD-104,2026-07-01,2,Completed
ORD-14557,CUST-1059,PROD-126,2026-07-01,2,Completed
ORD-14102,CUST-1149,PROD-124,2026-07-02,2,Completed
ORD-12856,CUST-1488,PROD-119,2026-07-02,1,Completed
ORD-10907,CUST-1158,PROD-119,2026-07-02,1,Completed
ORD-13931,CUST-1492,PROD-129,2026-07-02,1,Completed
ORD-12772,CUST-1176,PROD-108,2026-07-02,5,Completed
ORD-14616,CUST-1291,PROD-120,2026-07-03,1,Completed
ORD-11465,CUST-1351,PROD-118,2026-07-03,3,Completed
ORD-10399,CUST-1465,PROD-110,2026-07-03,2,Completed
ORD-14829,CUST-1318,PROD-116,2026-07-03,1,Completed
ORD-12412,CUST-1077,PROD-121,2026-07-03,1,Completed
ORD-10770,CUST-1493,PROD-117,2026-07-03,2,Completed
ORD-14363,CUST-1213,PROD-113,2026-07-03,1,Completed
ORD-12017,CUST-1494,PROD-116,2026-07-03,2,Completed
ORD-10197,CUST-1342,PROD-124,2026-07-04,3,Completed
ORD-14560,CUST-1037,PROD-121,2026-07-04,1,Completed
ORD-11368,CUST-1323,PROD-129,2026-07-04,1,Completed
ORD-11382,CUST-1378,PROD-112,2026-07-04,2,Completed
ORD-14304,CUST-1411,PROD-116,2026-07-04,1,Completed
ORD-13035,CUST-1320,PROD-111,2026-07-04,1,Completed
ORD-13851,CUST-1286,PROD-128,2026-07-05,1,Completed
ORD-10696,CUST-1387,PROD-109,2026-07-05,1,Completed
ORD-11850,CUST-1227,PROD-101,2026-07-05,1,Completed
ORD-14810,CUST-1353,PROD-121,2026-07-05,5,Returned
ORD-10114,CUST-1225,PROD-128,2026-07-05,3,Completed
ORD-11739,CUST-1065,PROD-129,2026-07-05,1,Completed
ORD-12530,CUST-1173,PROD-101,2026-07-05,3,Completed
ORD-12638,CUST-1099,PROD-105,2026-07-05,4,Completed
ORD-11940,CUST-1043,PROD-114,2026-07-05,1,Cancelled
ORD-13886,CUST-1465,PROD-113,2026-07-06,1,Completed
ORD-11998,CUST-1253,PROD-129,2026-07-06,5,Completed
ORD-10645,CUST-1416,PROD-107,2026-07-06,4,Completed
ORD-10653,CUST-1454,PROD-107,2026-07-06,3,Completed
ORD-13606,CUST-1140,PROD-123,2026-07-06,1,Returned
ORD-12693,CUST-1098,PROD-120,2026-07-06,1,Completed
ORD-12341,CUST-1136,PROD-125,2026-07-06,2,Completed
ORD-10970,CUST-1372,PROD-122,2026-07-06,1,Completed
ORD-14656,CUST-1403,PROD-108,2026-07-07,1,Completed
ORD-14175,CUST-1084,PROD-127,2026-07-07,1,Completed
ORD-14207,CUST-1000,PROD-121,2026-07-07,1,Completed
ORD-12766,CUST-1498,PROD-116,2026-07-07,1,Completed
ORD-14351,CUST-1052,PROD-101,2026-07-07,3,Completed
ORD-10662,CUST-1193,PROD-101,2026-07-07,1,Completed
ORD-14532,CUST-1354,PROD-114,2026-07-08,3,Completed
ORD-11503,CUST-1475,PROD-106,2026-07-08,1,Completed
ORD-14020,CUST-1177,PROD-128,2026-07-08,1,Completed
ORD-14842,CUST-1387,PROD-116,2026-07-08,1,Completed
ORD-11042,CUST-1262,PROD-126,2026-07-08,2,Completed
ORD-10979,CUST-1169,PROD-115,2026-07-08,1,Completed
ORD-12812,CUST-1409,PROD-124,2026-07-08,4,Returned
ORD-13733,CUST-1034,PROD-102,2026-07-09,2,Completed
ORD-14720,CUST-1223,PROD-123,2026-07-09,2,Completed
ORD-10118,CUST-1213,PROD-124,2026-07-09,1,Completed
ORD-12943,CUST-1028,PROD-110,2026-07-09,1,Completed
ORD-10435,CUST-1417,PROD-122,2026-07-10,1,Completed
ORD-10870,CUST-1250,PROD-115,2026-07-10,1,Completed
ORD-13128,CUST-1203,PROD-127,2026-07-10,3,Completed
ORD-13531,CUST-1306,PROD-123,2026-07-10,1,Completed
ORD-13353,CUST-1085,PROD-105,2026-07-10,1,Completed
ORD-10735,CUST-1113,PROD-106,2026-07-10,2,Completed
ORD-12719,CUST-1262,PROD-127,2026-07-11,2,Completed
ORD-14025,CUST-1371,PROD-108,2026-07-11,1,Returned
ORD-12486,CUST-1107,PROD-101,2026-07-11,1,Completed
ORD-11817,CUST-1120,PROD-122,2026-07-11,3,Completed
ORD-10013,CUST-1226,PROD-112,2026-07-11,1,Completed
ORD-11334,CUST-1009,PROD-124,2026-07-11,4,Returned
ORD-11239,CUST-1232,PROD-116,2026-07-11,1,Completed
ORD-14111,CUST-1065,PROD-116,2026-07-12,5,Completed
ORD-13852,CUST-1127,PROD-123,2026-07-12,1,Completed
ORD-14843,CUST-1030,PROD-100,2026-07-12,1,Completed
ORD-14754,CUST-1405,PROD-115,2026-07-12,2,Completed
ORD-12605,CUST-1114,PROD-114,2026-07-12,1,Completed
ORD-13616,CUST-1300,PROD-113,2026-07-12,1,Completed
ORD-11873,CUST-1173,PROD-111,2026-07-12,5,Completed
ORD-14615,CUST-1258,PROD-101,2026-07-13,3,Completed
ORD-12625,CUST-1038,PROD-125,2026-07-13,1,Cancelled
ORD-11614,CUST-1387,PROD-115,2026-07-13,3,Completed
ORD-14227,CUST-1085,PROD-108,2026-07-13,3,Returned
ORD-12334,CUST-1229,PROD-104,2026-07-13,1,Completed
ORD-10792,CUST-1213,PROD-100,2026-07-13,3,Completed
ORD-10026,CUST-1259,PROD-110,2026-07-14,3,Returned
ORD-12555,CUST-1355,PROD-112,2026-07-14,1,Completed
ORD-13460,CUST-1488,PROD-105,2026-07-14,5,Completed
ORD-12664,CUST-1306,PROD-108,2026-07-14,1,Completed
ORD-11516,CUST-1418,PROD-107,2026-07-14,1,Completed
ORD-13962,CUST-1452,PROD-123,2026-07-15,4,Completed
ORD-14251,CUST-1124,PROD-100,2026-07-15,1,Completed
ORD-11249,CUST-1323,PROD-126,2026-07-15,1,Completed
ORD-10790,CUST-1298,PROD-116,2026-07-16,3,Completed
ORD-13511,CUST-1230,PROD-105,2026-07-16,1,Returned
ORD-11621,CUST-1382,PROD-128,2026-07-16,1,Completed
ORD-12666,CUST-1221,PROD-100,2026-07-16,1,Cancelled
ORD-10247,CUST-1348,PROD-118,2026-07-16,1,Completed
ORD-10908,CUST-1305,PROD-108,2026-07-16,1,Completed
ORD-14347,CUST-1347,PROD-108,2026-07-16,1,Completed
ORD-11896,CUST-1092,PROD-116,2026-07-16,1,Completed
ORD-13077,CUST-1494,PROD-111,2026-07-16,1,Completed
ORD-10304,CUST-1051,PROD-100,2026-07-16,3,Completed
ORD-11323,CUST-1024,PROD-108,2026-07-17,1,Cancelled
ORD-13448,CUST-1289,PROD-108,2026-07-17,1,Completed
ORD-11369,CUST-1223,PROD-127,2026-07-17,3,Completed
ORD-10909,CUST-1262,PROD-117,2026-07-17,1,Completed
ORD-13819,CUST-1116,PROD-103,2026-07-17,1,Completed
ORD-14332,CUST-1213,PROD-124,2026-07-17,1,Completed
ORD-12591,CUST-1100,PROD-116,2026-07-17,1,Completed
ORD-14960,CUST-1458,PROD-104,2026-07-17,3,Returned
ORD-14997,CUST-1154,PROD-117,2026-07-17,1,Completed
ORD-11535,CUST-1342,PROD-109,2026-07-17,1,Completed
ORD-10063,CUST-1319,PROD-114,2026-07-17,1,Completed
ORD-11020,CUST-1381,PROD-112,2026-07-17,2,Completed
ORD-11018,CUST-1364,PROD-105,2026-07-17,4,Returned
ORD-12917,CUST-1252,PROD-121,2026-07-17,1,Completed
ORD-14489,CUST-1013,PROD-104,2026-07-17,3,Completed
ORD-12689,CUST-1071,PROD-126,2026-07-18,1,Returned
ORD-12178,CUST-1496,PROD-112,2026-07-18,1,Completed
ORD-12758,CUST-1366,PROD-109,2026-07-18,3,Cancelled
ORD-11108,CUST-1303,PROD-107,2026-07-18,2,Completed
ORD-13143,CUST-1468,PROD-118,2026-07-18,1,Completed
ORD-10801,CUST-1009,PROD-105,2026-07-18,1,Completed
ORD-14704,CUST-1140,PROD-118,2026-07-18,1,Completed
ORD-14912,CUST-1330,PROD-100,2026-07-18,1,Completed
ORD-10794,CUST-1346,PROD-105,2026-07-18,1,Completed
ORD-14707,CUST-1094,PROD-108,2026-07-19,2,Completed
ORD-12622,CUST-1318,PROD-114,2026-07-19,2,Completed
ORD-11823,CUST-1282,PROD-122,2026-07-19,1,Completed
ORD-13378,CUST-1487,PROD-125,2026-07-19,3,Completed
ORD-11474,CUST-1348,PROD-117,2026-07-19,1,Returned
ORD-13472,CUST-1405,PROD-125,2026-07-19,2,Completed
ORD-11723,CUST-1302,PROD-129,2026-07-19,3,Completed
ORD-10206,CUST-1066,PROD-107,2026-07-19,1,Cancelled
ORD-13700,CUST-1369,PROD-116,2026-07-19,1,Completed
ORD-14893,CUST-1128,PROD-119,2026-07-19,1,Completed
ORD-12764,CUST-1299,PROD-104,2026-07-20,2,Completed
ORD-12535,CUST-1308,PROD-107,2026-07-20,1,Completed
ORD-11767,CUST-1150,PROD-102,2026-07-20,1,Completed
ORD-10771,CUST-1468,PROD-111,2026-07-20,2,Completed
ORD-10264,CUST-1026,PROD-128,2026-07-20,2,Completed
ORD-14120,CUST-1252,PROD-109,2026-07-21,1,Completed
ORD-13335,CUST-1210,PROD-118,2026-07-21,2,Completed
ORD-12115,CUST-1133,PROD-125,2026-07-21,2,Completed
ORD-14019,CUST-1230,PROD-119,2026-07-21,3,Completed
ORD-10828,CUST-1358,PROD-102,2026-07-22,1,Completed
ORD-14135,CUST-1403,PROD-126,2026-07-22,2,Completed
ORD-13457,CUST-1188,PROD-120,2026-07-22,1,Completed
ORD-12045,CUST-1224,PROD-106,2026-07-22,1,Completed
ORD-11703,CUST-1097,PROD-114,2026-07-22,1,Completed
ORD-13389,CUST-1120,PROD-108,2026-07-22,1,Returned
ORD-11554,CUST-1119,PROD-107,2026-07-22,1,Completed
ORD-12423,CUST-1070,PROD-101,2026-07-23,3,Completed
ORD-13741,CUST-1168,PROD-111,2026-07-23,1,Completed
ORD-11755,CUST-1169,PROD-115,2026-07-23,2,Returned
ORD-11602,CUST-1308,PROD-116,2026-07-23,1,Completed
ORD-11478,CUST-1426,PROD-114,2026-07-23,2,Completed
ORD-13409,CUST-1193,PROD-101,2026-07-23,2,Completed
ORD-13140,CUST-1046,PROD-126,2026-07-23,1,Cancelled
ORD-10439,CUST-1186,PROD-127,2026-07-23,2,Completed
ORD-10780,CUST-1165,PROD-129,2026-07-24,2,Completed
ORD-11094,CUST-1425,PROD-113,2026-07-24,4,Completed
ORD-13968,CUST-1197,PROD-115,2026-07-24,1,Completed
ORD-11121,CUST-1029,PROD-102,2026-07-24,1,Completed
ORD-13271,CUST-1281,PROD-100,2026-07-25,3,Returned
ORD-12760,CUST-1081,PROD-111,2026-07-25,2,Completed
ORD-12948,CUST-1128,PROD-111,2026-07-25,1,Completed
ORD-10126,CUST-1347,PROD-113,2026-07-25,1,Completed
ORD-12996,CUST-1223,PROD-115,2026-07-25,1,Completed
ORD-12371,CUST-1319,PROD-129,2026-07-26,2,Completed
ORD-10102,CUST-1374,PROD-112,2026-07-26,1,Completed
ORD-14087,CUST-1404,PROD-112,2026-07-26,2,Returned
ORD-14433,CUST-1067,PROD-103,2026-07-26,2,Completed
ORD-14397,CUST-1128,PROD-112,2026-07-26,3,Completed
ORD-11630,CUST-1453,PROD-117,2026-07-27,1,Completed
ORD-12634,CUST-1262,PROD-111,2026-07-27,1,Completed
ORD-11517,CUST-1432,PROD-114,2026-07-27,3,Completed
ORD-10578,CUST-1405,PROD-108,2026-07-27,2,Completed
ORD-13729,CUST-1179,PROD-100,2026-07-27,1,Completed
ORD-14278,CUST-1309,PROD-103,2026-07-27,1,Completed
ORD-11735,CUST-1452,PROD-117,2026-07-27,1,Completed
ORD-11505,CUST-1365,PROD-115,2026-07-27,1,Completed
ORD-10434,CUST-1148,PROD-126,2026-07-27,4,Returned
ORD-13924,CUST-1133,PROD-105,2026-07-27,1,Completed
ORD-13607,CUST-1037,PROD-105,2026-07-27,1,Completed
ORD-10766,CUST-1098,PROD-107,2026-07-27,1,Completed
ORD-14412,CUST-1065,PROD-104,2026-07-27,3,Completed
ORD-14679,CUST-1471,PROD-117,2026-07-28,3,Returned
ORD-10422,CUST-1094,PROD-128,2026-07-28,5,Completed
ORD-11475,CUST-1275,PROD-123,2026-07-28,1,Completed
ORD-14798,CUST-1022,PROD-105,2026-07-28,3,Completed
ORD-14269,CUST-1432,PROD-125,2026-07-28,1,Completed
ORD-11039,CUST-1311,PROD-121,2026-07-28,4,Completed
ORD-11596,CUST-1329,PROD-106,2026-07-28,1,Completed
ORD-12560,CUST-1345,PROD-118,2026-07-29,3,Completed
ORD-11569,CUST-1045,PROD-126,2026-07-29,1,Completed
ORD-11462,CUST-1213,PROD-120,2026-07-29,1,Completed
ORD-14937,CUST-1498,PROD-125,2026-07-29,1,Completed
ORD-12712,CUST-1464,PROD-118,2026-07-29,3,Completed
ORD-13558,CUST-1067,PROD-105,2026-07-29,2,Completed
ORD-10408,CUST-1318,PROD-107,2026-07-29,1,Completed
ORD-10137,CUST-1371,PROD-124,2026-07-29,1,Completed
ORD-11038,CUST-1283,PROD-107,2026-07-29,2,Returned
ORD-11365,CUST-1349,PROD-110,2026-07-29,1,Completed
ORD-13495,CUST-1119,PROD-117,2026-07-29,2,Completed
ORD-10999,CUST-1089,PROD-128,2026-07-29,2,Completed
ORD-10121,CUST-1350,PROD-121,2026-07-29,1,Completed
ORD-12238,CUST-1394,PROD-121,2026-07-30,2,Completed
ORD-14753,CUST-1311,PROD-129,2026-07-30,1,Completed
ORD-12736,CUST-1462,PROD-101,2026-07-30,1,Returned
ORD-12818,CUST-1004,PROD-101,2026-07-30,4,Completed
ORD-14741,CUST-1338,PROD-116,2026-07-30,4,Completed
ORD-12958,CUST-1342,PROD-123,2026-07-31,4,Completed
ORD-12867,CUST-1330,PROD-121,2026-07-31,1,Completed
ORD-12679,CUST-1127,PROD-120,2026-07-31,1,Completed
ORD-12336,CUST-1163,PROD-100,2026-07-31,1,Completed
ORD-12031,CUST-1432,PROD-126,2026-07-31,1,Completed
ORD-12921,CUST-1403,PROD-126,2026-07-31,2,Completed
ORD-11590,CUST-1452,PROD-111,2026-07-31,5,Completed
ORD-11353,CUST-1300,PROD-119,2026-07-31,2,Completed
ORD-12807,CUST-1146,PROD-109,2026-08-01,2,Completed
ORD-11570,CUST-1223,PROD-119,2026-08-01,1,Completed
ORD-11479,CUST-1268,PROD-104,2026-08-01,1,Returned
ORD-14511,CUST-1180,PROD-107,2026-08-01,4,Returned
ORD-13666,CUST-1150,PROD-110,2026-08-01,1,Completed
ORD-11166,CUST-1014,PROD-113,2026-08-01,2,Completed
ORD-13797,CUST-1300,PROD-107,2026-08-01,1,Completed
ORD-11135,CUST-1270,PROD-105,2026-08-01,1,Completed
ORD-13054,CUST-1424,PROD-113,2026-08-01,2,Completed
ORD-12858,CUST-1331,PROD-113,2026-08-01,1,Cancelled
ORD-10961,CUST-1119,PROD-124,2026-08-01,2,Completed
ORD-12337,CUST-1438,PROD-119,2026-08-01,1,Returned
ORD-10330,CUST-1051,PROD-114,2026-08-01,1,Completed
ORD-11763,CUST-1285,PROD-103,2026-08-01,1,Completed
ORD-14812,CUST-1287,PROD-115,2026-08-02,1,Completed
ORD-13858,CUST-1125,PROD-113,2026-08-02,1,Returned
ORD-14945,CUST-1254,PROD-122,2026-08-02,1,Completed
ORD-11136,CUST-1390,PROD-118,2026-08-02,1,Returned
ORD-12789,CUST-1225,PROD-123,2026-08-02,2,Completed
ORD-14661,CUST-1179,PROD-106,2026-08-02,3,Completed
ORD-11736,CUST-1087,PROD-108,2026-08-02,1,Completed
ORD-11151,CUST-1102,PROD-123,2026-08-03,2,Completed
ORD-11859,CUST-1322,PROD-103,2026-08-03,1,Completed
ORD-10834,CUST-1395,PROD-120,2026-08-03,1,Completed
ORD-14110,CUST-1465,PROD-122,2026-08-03,4,Completed
ORD-12805,CUST-1371,PROD-111,2026-08-03,1,Returned
ORD-12975,CUST-1154,PROD-123,2026-08-03,1,Returned
ORD-13686,CUST-1223,PROD-102,2026-08-04,1,Completed
ORD-14045,CUST-1168,PROD-111,2026-08-04,1,Completed
ORD-14784,CUST-1237,PROD-122,2026-08-04,4,Completed
ORD-12939,CUST-1141,PROD-110,2026-08-04,4,Returned
ORD-11197,CUST-1329,PROD-110,2026-08-05,1,Completed
ORD-14309,CUST-1068,PROD-105,2026-08-05,2,Completed
ORD-13699,CUST-1371,PROD-122,2026-08-05,1,Completed
ORD-14571,CUST-1102,PROD-128,2026-08-05,1,Completed
ORD-11122,CUST-1315,PROD-128,2026-08-05,1,Completed
ORD-14665,CUST-1411,PROD-128,2026-08-05,1,Completed
ORD-11890,CUST-1002,PROD-105,2026-08-06,3,Completed
ORD-14775,CUST-1321,PROD-108,2026-08-06,1,Completed
ORD-12869,CUST-1348,PROD-122,2026-08-06,1,Returned
ORD-10327,CUST-1279,PROD-109,2026-08-06,1,Completed
ORD-12902,CUST-1225,PROD-102,2026-08-06,1,Completed
ORD-11286,CUST-1010,PROD-129,2026-08-06,4,Completed
ORD-12753,CUST-1043,PROD-126,2026-08-06,1,Cancelled
ORD-14902,CUST-1220,PROD-105,2026-08-07,1,Completed
ORD-13424,CUST-1037,PROD-106,2026-08-07,1,Completed
ORD-11887,CUST-1151,PROD-115,2026-08-07,1,Completed
ORD-13012,CUST-1102,PROD-101,2026-08-07,1,Returned
ORD-11764,CUST-1311,PROD-111,2026-08-07,1,Returned
ORD-11321,CUST-1124,PROD-127,2026-08-07,3,Completed
ORD-13791,CUST-1174,PROD-110,2026-08-08,1,Completed
ORD-11706,CUST-1329,PROD-115,2026-08-08,2,Completed
ORD-14085,CUST-1034,PROD-128,2026-08-08,3,Returned
ORD-12775,CUST-1408,PROD-113,2026-08-08,1,Completed
ORD-14353,CUST-1390,PROD-100,2026-08-08,1,Completed
ORD-13414,CUST-1314,PROD-121,2026-08-08,2,Completed
ORD-13011,CUST-1069,PROD-118,2026-08-08,2,Completed
ORD-11686,CUST-1456,PROD-103,2026-08-08,2,Completed
ORD-11792,CUST-1127,PROD-114,2026-08-09,1,Completed
ORD-12024,CUST-1431,PROD-115,2026-08-09,1,Returned
ORD-10626,CUST-1266,PROD-103,2026-08-09,2,Completed
ORD-14537,CUST-1321,PROD-123,2026-08-09,1,Completed
ORD-12545,CUST-1005,PROD-105,2026-08-09,2,Completed
ORD-12642,CUST-1479,PROD-107,2026-08-09,2,Completed
ORD-12392,CUST-1192,PROD-102,2026-08-09,1,Completed
ORD-11972,CUST-1223,PROD-108,2026-08-09,1,Completed
ORD-14033,CUST-1418,PROD-100,2026-08-09,1,Completed
ORD-12094,CUST-1052,PROD-123,2026-08-09,1,Cancelled
ORD-13984,CUST-1430,PROD-111,2026-08-09,1,Returned
ORD-13478,CUST-1329,PROD-123,2026-08-10,1,Completed
ORD-11040,CUST-1156,PROD-104,2026-08-10,5,Returned
ORD-11337,CUST-1497,PROD-125,2026-08-10,5,Completed
ORD-13299,CUST-1468,PROD-116,2026-08-10,1,Cancelled
ORD-14689,CUST-1133,PROD-120,2026-08-10,1,Completed
ORD-11645,CUST-1091,PROD-123,2026-08-10,1,Completed
ORD-14973,CUST-1331,PROD-113,2026-08-11,1,Completed
ORD-10745,CUST-1189,PROD-107,2026-08-11,3,Completed
ORD-14570,CUST-1481,PROD-117,2026-08-11,1,Completed
ORD-13662,CUST-1432,PROD-120,2026-08-11,4,Completed
ORD-10320,CUST-1262,PROD-107,2026-08-11,1,Returned
ORD-10925,CUST-1186,PROD-125,2026-08-11,1,Completed
ORD-14098,CUST-1249,PROD-106,2026-08-11,1,Completed
ORD-13391,CUST-1322,PROD-111,2026-08-11,1,Completed
ORD-11730,CUST-1391,PROD-100,2026-08-11,1,Completed
ORD-10966,CUST-1173,PROD-115,2026-08-12,1,Completed
ORD-13164,CUST-1489,PROD-108,2026-08-12,1,Completed
ORD-11072,CUST-1418,PROD-104,2026-08-12,1,Completed
ORD-13149,CUST-1387,PROD-110,2026-08-12,1,Completed
ORD-14889,CUST-1124,PROD-128,2026-08-12,1,Completed
ORD-11299,CUST-1264,PROD-126,2026-08-12,1,Completed
ORD-11370,CUST-1297,PROD-115,2026-08-12,1,Completed
ORD-10021,CUST-1451,PROD-108,2026-08-12,1,Completed
ORD-13209,CUST-1368,PROD-125,2026-08-12,4,Completed
ORD-14461,CUST-1288,PROD-125,2026-08-12,1,Completed
ORD-10282,CUST-1193,PROD-103,2026-08-12,3,Completed
ORD-10409,CUST-1085,PROD-105,2026-08-13,1,Completed
ORD-12285,CUST-1323,PROD-128,2026-08-13,4,Completed
ORD-12299,CUST-1402,PROD-113,2026-08-13,2,Returned
ORD-11409,CUST-1120,PROD-104,2026-08-13,1,Completed
ORD-10540,CUST-1321,PROD-105,2026-08-13,1,Completed
ORD-13390,CUST-1043,PROD-108,2026-08-13,2,Completed
ORD-14909,CUST-1256,PROD-115,2026-08-13,1,Completed
ORD-14733,CUST-1418,PROD-125,2026-08-13,4,Completed
ORD-13229,CUST-1399,PROD-114,2026-08-14,1,Completed
ORD-13429,CUST-1012,PROD-115,2026-08-14,1,Completed
ORD-12190,CUST-1432,PROD-110,2026-08-14,1,Completed
ORD-12963,CUST-1099,PROD-110,2026-08-14,1,Completed
ORD-14295,CUST-1301,PROD-124,2026-08-14,5,Completed
ORD-12025,CUST-1106,PROD-103,2026-08-14,1,Completed
ORD-13133,CUST-1455,PROD-119,2026-08-14,1,Completed
ORD-14187,CUST-1237,PROD-118,2026-08-14,2,Completed
ORD-11494,CUST-1249,PROD-108,2026-08-14,3,Completed
ORD-14981,CUST-1120,PROD-111,2026-08-14,1,Returned
ORD-13720,CUST-1113,PROD-122,2026-08-14,2,Completed
ORD-11295,CUST-1388,PROD-120,2026-08-14,1,Completed
ORD-10702,CUST-1089,PROD-125,2026-08-14,2,Completed
ORD-10649,CUST-1406,PROD-114,2026-08-14,1,Completed
ORD-10489,CUST-1229,PROD-116,2026-08-15,2,Completed
ORD-14439,CUST-1041,PROD-114,2026-08-15,2,Completed
ORD-13276,CUST-1210,PROD-105,2026-08-15,5,Completed
ORD-14921,CUST-1388,PROD-102,2026-08-15,1,Completed
ORD-11377,CUST-1308,PROD-116,2026-08-15,1,Completed
ORD-12742,CUST-1004,PROD-107,2026-08-15,1,Completed
ORD-11120,CUST-1249,PROD-123,2026-08-15,3,Completed
ORD-12199,CUST-1173,PROD-107,2026-08-16,3,Completed
ORD-11056,CUST-1125,PROD-102,2026-08-16,1,Completed
ORD-12034,CUST-1037,PROD-124,2026-08-16,1,Completed
ORD-12493,CUST-1416,PROD-127,2026-08-16,2,Completed
ORD-13158,CUST-1066,PROD-108,2026-08-16,1,Completed
ORD-13757,CUST-1452,PROD-124,2026-08-17,2,Cancelled
ORD-12335,CUST-1387,PROD-119,2026-08-17,3,Completed
ORD-12208,CUST-1431,PROD-116,2026-08-17,1,Completed
ORD-10244,CUST-1382,PROD-118,2026-08-17,1,Completed
ORD-10562,CUST-1452,PROD-113,2026-08-17,1,Completed
ORD-14865,CUST-1260,PROD-117,2026-08-17,2,Returned
ORD-14028,CUST-1303,PROD-128,2026-08-17,1,Completed
ORD-10882,CUST-1142,PROD-101,2026-08-17,1,Completed
ORD-13146,CUST-1067,PROD-122,2026-08-18,3,Returned
ORD-12265,CUST-1456,PROD-106,2026-08-18,1,Completed
ORD-14910,CUST-1395,PROD-129,2026-08-18,2,Completed
ORD-13632,CUST-1237,PROD-107,2026-08-18,2,Cancelled
ORD-14011,CUST-1446,PROD-129,2026-08-18,1,Cancelled
ORD-11492,CUST-1040,PROD-119,2026-08-18,2,Completed
ORD-14575,CUST-1472,PROD-126,2026-08-18,1,Completed
ORD-12726,CUST-1213,PROD-111,2026-08-18,4,Completed
ORD-13774,CUST-1037,PROD-124,2026-08-18,3,Completed
ORD-12362,CUST-1173,PROD-118,2026-08-18,1,Completed
ORD-11900,CUST-1349,PROD-104,2026-08-19,1,Completed
ORD-14681,CUST-1134,PROD-108,2026-08-19,1,Completed
ORD-10886,CUST-1143,PROD-114,2026-08-19,1,Returned
ORD-13358,CUST-1394,PROD-121,2026-08-19,1,Completed
ORD-10005,CUST-1274,PROD-121,2026-08-19,1,Completed
ORD-10859,CUST-1169,PROD-105,2026-08-19,1,Completed
ORD-10185,CUST-1027,PROD-101,2026-08-19,1,Cancelled
ORD-12981,CUST-1498,PROD-126,2026-08-19,1,Completed
ORD-10205,CUST-1086,PROD-102,2026-08-19,1,Cancelled
ORD-12253,CUST-1134,PROD-104,2026-08-19,4,Completed
ORD-10453,CUST-1237,PROD-117,2026-08-19,1,Completed
ORD-13738,CUST-1300,PROD-116,2026-08-20,1,Completed
ORD-14079,CUST-1081,PROD-126,2026-08-20,4,Returned
ORD-13432,CUST-1256,PROD-100,2026-08-20,1,Completed
ORD-10371,CUST-1220,PROD-125,2026-08-20,1,Cancelled
ORD-11775,CUST-1056,PROD-102,2026-08-20,1,Completed
ORD-12757,CUST-1063,PROD-121,2026-08-20,3,Completed
ORD-11414,CUST-1032,PROD-108,2026-08-20,2,Completed
ORD-12890,CUST-1087,PROD-124,2026-08-20,1,Cancelled
ORD-14065,CUST-1180,PROD-116,2026-08-20,1,Returned
ORD-12594,CUST-1045,PROD-107,2026-08-21,2,Completed
ORD-14831,CUST-1240,PROD-103,2026-08-21,1,Completed
ORD-11169,CUST-1418,PROD-106,2026-08-21,2,Completed
ORD-11981,CUST-1108,PROD-104,2026-08-21,1,Completed
ORD-10331,CUST-1289,PROD-120,2026-08-21,3,Completed
ORD-11848,CUST-1463,PROD-127,2026-08-21,1,Completed
ORD-14699,CUST-1220,PROD-123,2026-08-21,1,Completed
ORD-14693,CUST-1404,PROD-114,2026-08-21,1,Completed
ORD-13094,CUST-1163,PROD-125,2026-08-21,1,Completed
ORD-12458,CUST-1311,PROD-117,2026-08-21,1,Completed
ORD-13796,CUST-1255,PROD-105,2026-08-21,2,Completed
ORD-14266,CUST-1120,PROD-113,2026-08-22,4,Completed
ORD-14522,CUST-1358,PROD-116,2026-08-22,2,Completed
ORD-11132,CUST-1438,PROD-122,2026-08-22,2,Completed
ORD-14744,CUST-1169,PROD-128,2026-08-22,1,Completed
ORD-10808,CUST-1026,PROD-103,2026-08-22,2,Completed
ORD-14941,CUST-1183,PROD-109,2026-08-22,1,Completed
ORD-10066,CUST-1039,PROD-114,2026-08-22,1,Completed
ORD-13016,CUST-1180,PROD-120,2026-08-23,1,Completed
ORD-13331,CUST-1196,PROD-102,2026-08-23,1,Completed
ORD-13753,CUST-1149,PROD-121,2026-08-23,1,Completed
ORD-14321,CUST-1017,PROD-124,2026-08-23,1,Returned
ORD-10572,CUST-1287,PROD-110,2026-08-23,1,Completed
ORD-13685,CUST-1272,PROD-124,2026-08-23,1,Completed
ORD-13357,CUST-1158,PROD-129,2026-08-23,1,Returned
ORD-11341,CUST-1484,PROD-111,2026-08-24,1,Completed
ORD-12442,CUST-1454,PROD-114,2026-08-24,1,Completed
ORD-14705,CUST-1423,PROD-113,2026-08-24,2,Completed
ORD-11338,CUST-1038,PROD-101,2026-08-24,2,Completed
ORD-12204,CUST-1241,PROD-122,2026-08-24,1,Completed
ORD-13095,CUST-1111,PROD-106,2026-08-24,1,Completed
ORD-10690,CUST-1332,PROD-122,2026-08-24,1,Completed
ORD-10992,CUST-1230,PROD-120,2026-08-24,1,Completed
ORD-11711,CUST-1018,PROD-107,2026-08-24,1,Completed
ORD-11193,CUST-1450,PROD-106,2026-08-24,1,Completed
ORD-14501,CUST-1277,PROD-127,2026-08-25,1,Completed
ORD-10873,CUST-1202,PROD-124,2026-08-25,1,Completed
ORD-14559,CUST-1010,PROD-118,2026-08-25,1,Returned
ORD-14724,CUST-1252,PROD-113,2026-08-25,1,Completed
ORD-10553,CUST-1491,PROD-108,2026-08-25,2,Completed
ORD-14416,CUST-1116,PROD-118,2026-08-25,4,Completed
ORD-12209,CUST-1491,PROD-126,2026-08-26,1,Cancelled
ORD-13818,CUST-1432,PROD-107,2026-08-26,3,Returned
ORD-14723,CUST-1202,PROD-104,2026-08-26,1,Completed
ORD-13067,CUST-1323,PROD-113,2026-08-26,2,Completed
ORD-11292,CUST-1373,PROD-117,2026-08-26,5,Completed
ORD-12346,CUST-1084,PROD-126,2026-08-26,1,Completed
ORD-12154,CUST-1004,PROD-122,2026-08-26,3,Completed
ORD-10083,CUST-1183,PROD-129,2026-08-26,3,Completed
ORD-13088,CUST-1335,PROD-117,2026-08-27,1,Completed
ORD-12722,CUST-1420,PROD-120,2026-08-27,2,Completed
ORD-14885,CUST-1151,PROD-120,2026-08-27,1,Completed
ORD-12274,CUST-1474,PROD-114,2026-08-27,1,Completed
ORD-14534,CUST-1114,PROD-113,2026-08-27,2,Completed
ORD-13546,CUST-1440,PROD-126,2026-08-27,2,Completed
ORD-13167,CUST-1337,PROD-111,2026-08-27,1,Completed
ORD-10414,CUST-1267,PROD-113,2026-08-27,1,Completed
ORD-12895,CUST-1013,PROD-103,2026-08-28,1,Returned
ORD-12053,CUST-1060,PROD-105,2026-08-28,1,Completed
ORD-11005,CUST-1392,PROD-121,2026-08-28,1,Completed
ORD-14055,CUST-1032,PROD-122,2026-08-28,1,Completed
ORD-14503,CUST-1262,PROD-116,2026-08-28,1,Completed
ORD-11308,CUST-1213,PROD-101,2026-08-28,1,Completed
ORD-14127,CUST-1437,PROD-119,2026-08-28,1,Completed
ORD-14911,CUST-1331,PROD-110,2026-08-28,1,Completed
ORD-14458,CUST-1182,PROD-106,2026-08-28,1,Completed
ORD-12134,CUST-1339,PROD-123,2026-08-29,1,Completed
ORD-12264,CUST-1156,PROD-105,2026-08-29,1,Completed
ORD-11658,CUST-1347,PROD-120,2026-08-29,1,Completed
ORD-14999,CUST-1329,PROD-117,2026-08-29,1,Completed
ORD-14271,CUST-1053,PROD-117,2026-08-29,1,Completed
ORD-14159,CUST-1295,PROD-101,2026-08-29,3,Completed
ORD-12792,CUST-1195,PROD-102,2026-08-29,1,Completed
ORD-13940,CUST-1071,PROD-104,2026-08-29,1,Completed
ORD-10529,CUST-1373,PROD-109,2026-08-29,2,Completed
ORD-11916,CUST-1061,PROD-112,2026-08-29,1,Returned
ORD-10608,CUST-1461,PROD-127,2026-08-29,1,Completed
ORD-13849,CUST-1423,PROD-112,2026-08-29,2,Completed
ORD-13375,CUST-1151,PROD-123,2026-08-29,1,Returned
ORD-10603,CUST-1213,PROD-119,2026-08-29,1,Cancelled
ORD-11648,CUST-1036,PROD-123,2026-08-30,5,Completed
ORD-11315,CUST-1079,PROD-113,2026-08-30,2,Cancelled
ORD-10346,CUST-1318,PROD-104,2026-08-30,1,Completed
ORD-13640,CUST-1026,PROD-109,2026-08-30,2,Completed
ORD-11870,CUST-1134,PROD-112,2026-08-30,1,Completed
ORD-14603,CUST-1072,PROD-129,2026-08-30,2,Completed
ORD-12677,CUST-1172,PROD-100,2026-08-30,1,Completed
ORD-12942,CUST-1240,PROD-121,2026-08-31,2,Completed
ORD-14484,CUST-1260,PROD-106,2026-08-31,1,Completed
ORD-14415,CUST-1366,PROD-129,2026-08-31,1,Returned
ORD-14992,CUST-1329,PROD-102,2026-08-31,4,Completed
ORD-12539,CUST-1043,PROD-108,2026-08-31,1,Completed
ORD-10991,CUST-1285,PROD-100,2026-08-31,2,Completed
ORD-14581,CUST-1438,PROD-104,2026-08-31,1,Returned
ORD-10271,CUST-1098,PROD-109,2026-08-31,1,Completed
ORD-14881,CUST-1181,PROD-123,2026-08-31,1,Completed
ORD-12455,CUST-1387,PROD-112,2026-09-01,1,Completed
ORD-12187,CUST-1264,PROD-125,2026-09-01,2,Completed
ORD-10941,CUST-1018,PROD-110,2026-09-01,1,Completed
ORD-12886,CUST-1218,PROD-108,2026-09-01,1,Completed
ORD-12379,CUST-1271,PROD-116,2026-09-01,1,Completed
ORD-13541,CUST-1451,PROD-116,2026-09-01,1,Completed
ORD-14153,CUST-1216,PROD-127,2026-09-01,1,Completed
ORD-12800,CUST-1497,PROD-112,2026-09-01,3,Completed
ORD-13003,CUST-1379,PROD-123,2026-09-01,1,Completed
ORD-12326,CUST-1387,PROD-101,2026-09-01,3,Returned
ORD-12167,CUST-1240,PROD-110,2026-09-01,1,Returned
ORD-13961,CUST-1470,PROD-114,2026-09-01,4,Completed
ORD-12159,CUST-1442,PROD-121,2026-09-02,3,Completed
ORD-13027,CUST-1451,PROD-124,2026-09-02,1,Completed
ORD-10800,CUST-1315,PROD-102,2026-09-02,5,Completed
ORD-10519,CUST-1497,PROD-124,2026-09-02,3,Completed
ORD-13298,CUST-1413,PROD-108,2026-09-02,2,Completed
ORD-13979,CUST-1074,PROD-100,2026-09-02,1,Completed
ORD-13897,CUST-1046,PROD-123,2026-09-02,2,Completed
ORD-11016,CUST-1120,PROD-116,2026-09-02,1,Completed
ORD-10182,CUST-1227,PROD-104,2026-09-02,1,Completed
ORD-12120,CUST-1278,PROD-110,2026-09-02,1,Returned
ORD-14993,CUST-1035,PROD-121,2026-09-02,3,Completed
ORD-12216,CUST-1116,PROD-123,2026-09-02,1,Completed
ORD-12690,CUST-1364,PROD-109,2026-09-02,3,Completed
ORD-14293,CUST-1348,PROD-100,2026-09-02,2,Completed
ORD-14426,CUST-1354,PROD-113,2026-09-03,5,Completed
ORD-11707,CUST-1209,PROD-124,2026-09-03,3,Completed
ORD-14296,CUST-1249,PROD-107,2026-09-03,2,Completed
ORD-13325,CUST-1144,PROD-125,2026-09-03,2,Completed
ORD-11001,CUST-1000,PROD-101,2026-09-03,3,Completed
ORD-12179,CUST-1235,PROD-109,2026-09-03,2,Completed
ORD-13843,CUST-1198,PROD-128,2026-09-04,1,Completed
ORD-12949,CUST-1492,PROD-114,2026-09-04,1,Cancelled
ORD-12462,CUST-1051,PROD-100,2026-09-04,1,Completed
ORD-12449,CUST-1421,PROD-102,2026-09-04,1,Completed
ORD-13744,CUST-1364,PROD-113,2026-09-04,1,Completed
ORD-14453,CUST-1411,PROD-124,2026-09-05,2,Completed
ORD-12430,CUST-1484,PROD-120,2026-09-05,1,Completed
ORD-12929,CUST-1111,PROD-105,2026-09-05,1,Completed
ORD-11376,CUST-1416,PROD-129,2026-09-05,3,Completed
ORD-10864,CUST-1141,PROD-109,2026-09-05,1,Completed
ORD-12878,CUST-1135,PROD-105,2026-09-05,3,Completed
ORD-10600,CUST-1298,PROD-116,2026-09-06,2,Completed
ORD-13172,CUST-1315,PROD-108,2026-09-06,3,Completed
ORD-10289,CUST-1216,PROD-107,2026-09-06,1,Completed
ORD-14579,CUST-1106,PROD-120,2026-09-06,1,Returned
ORD-11420,CUST-1331,PROD-128,2026-09-06,2,Cancelled
ORD-12639,CUST-1230,PROD-100,2026-09-06,1,Completed
ORD-10933,CUST-1052,PROD-109,2026-09-06,1,Completed
ORD-11961,CUST-1390,PROD-126,2026-09-07,4,Returned
ORD-12649,CUST-1104,PROD-121,2026-09-07,1,Completed
ORD-10621,CUST-1061,PROD-104,2026-09-07,2,Cancelled
ORD-12071,CUST-1378,PROD-123,2026-09-07,1,Completed
ORD-12340,CUST-1026,PROD-119,2026-09-07,1,Completed
ORD-14529,CUST-1297,PROD-125,2026-09-07,5,Completed
ORD-13749,CUST-1141,PROD-129,2026-09-07,3,Completed
ORD-11611,CUST-1060,PROD-100,2026-09-07,1,Completed
ORD-13162,CUST-1229,PROD-105,2026-09-07,1,Completed
ORD-12176,CUST-1353,PROD-118,2026-09-07,2,Completed
ORD-14022,CUST-1442,PROD-126,2026-09-08,1,Completed
ORD-11081,CUST-1301,PROD-113,2026-09-08,1,Completed
ORD-12369,CUST-1367,PROD-122,2026-09-08,2,Returned
ORD-13428,CUST-1424,PROD-120,2026-09-08,2,Completed
ORD-11902,CUST-1048,PROD-120,2026-09-08,2,Completed
ORD-13953,CUST-1483,PROD-118,2026-09-08,1,Completed
ORD-12540,CUST-1186,PROD-118,2026-09-08,2,Completed
ORD-14835,CUST-1099,PROD-128,2026-09-09,1,Completed
ORD-10123,CUST-1421,PROD-101,2026-09-09,3,Completed
ORD-13367,CUST-1186,PROD-103,2026-09-09,3,Completed
ORD-10134,CUST-1341,PROD-121,2026-09-10,3,Completed
ORD-10015,CUST-1421,PROD-127,2026-09-10,1,Completed
ORD-13556,CUST-1061,PROD-114,2026-09-10,4,Completed
ORD-10802,CUST-1358,PROD-116,2026-09-10,2,Completed
ORD-13520,CUST-1060,PROD-115,2026-09-10,1,Completed
ORD-12901,CUST-1155,PROD-118,2026-09-10,1,Returned
ORD-11776,CUST-1089,PROD-100,2026-09-10,2,Completed
ORD-12930,CUST-1380,PROD-116,2026-09-11,1,Returned
ORD-13648,CUST-1345,PROD-113,2026-09-11,2,Completed
ORD-14061,CUST-1498,PROD-118,2026-09-11,1,Returned
ORD-14155,CUST-1483,PROD-122,2026-09-11,2,Completed
ORD-14262,CUST-1150,PROD-106,2026-09-11,1,Completed
ORD-11260,CUST-1176,PROD-106,2026-09-11,1,Completed
ORD-10173,CUST-1128,PROD-109,2026-09-11,2,Completed
ORD-12682,CUST-1470,PROD-106,2026-09-11,1,Completed
ORD-12457,CUST-1052,PROD-123,2026-09-11,2,Completed
ORD-12819,CUST-1216,PROD-124,2026-09-11,2,Returned
ORD-14395,CUST-1119,PROD-105,2026-09-11,2,Completed
ORD-11761,CUST-1114,PROD-110,2026-09-12,1,Completed
ORD-13998,CUST-1353,PROD-124,2026-09-12,3,Completed
ORD-14050,CUST-1494,PROD-107,2026-09-12,1,Cancelled
ORD-14804,CUST-1149,PROD-101,2026-09-12,3,Completed
ORD-10411,CUST-1125,PROD-127,2026-09-12,1,Completed
ORD-12093,CUST-1172,PROD-123,2026-09-12,1,Completed
ORD-14682,CUST-1213,PROD-107,2026-09-12,5,Completed
ORD-10881,CUST-1443,PROD-100,2026-09-12,2,Completed
ORD-14898,CUST-1225,PROD-123,2026-09-12,1,Completed
ORD-11101,CUST-1302,PROD-103,2026-09-12,5,Completed
ORD-11671,CUST-1069,PROD-109,2026-09-12,1,Completed
ORD-10543,CUST-1114,PROD-117,2026-09-12,3,Completed
ORD-14876,CUST-1191,PROD-117,2026-09-12,5,Completed
ORD-10249,CUST-1017,PROD-102,2026-09-13,2,Completed
ORD-11958,CUST-1061,PROD-111,2026-09-13,1,Completed
ORD-13257,CUST-1030,PROD-110,2026-09-13,1,Completed
ORD-12049,CUST-1497,PROD-119,2026-09-13,2,Completed
ORD-12439,CUST-1373,PROD-105,2026-09-13,1,Completed
ORD-14962,CUST-1439,PROD-113,2026-09-13,3,Returned
ORD-10263,CUST-1332,PROD-124,2026-09-13,1,Completed
ORD-14447,CUST-1163,PROD-118,2026-09-14,1,Completed
ORD-12777,CUST-1326,PROD-112,2026-09-14,1,Cancelled
ORD-14287,CUST-1051,PROD-114,2026-09-14,2,Completed
ORD-13237,CUST-1483,PROD-100,2026-09-14,1,Completed
ORD-11014,CUST-1037,PROD-125,2026-09-14,4,Completed
ORD-12248,CUST-1288,PROD-107,2026-09-14,1,Completed
ORD-12562,CUST-1051,PROD-129,2026-09-14,2,Returned
ORD-11969,CUST-1235,PROD-122,2026-09-14,3,Completed
ORD-13871,CUST-1311,PROD-129,2026-09-15,3,Completed
ORD-14339,CUST-1307,PROD-101,2026-09-15,1,Completed
ORD-10443,CUST-1113,PROD-126,2026-09-15,1,Completed
ORD-13534,CUST-1102,PROD-125,2026-09-15,3,Returned
ORD-13591,CUST-1331,PROD-100,2026-09-15,5,Completed
ORD-14250,CUST-1338,PROD-120,2026-09-15,1,Completed
ORD-12791,CUST-1212,PROD-120,2026-09-15,5,Completed
ORD-11006,CUST-1498,PROD-119,2026-09-15,1,Completed
ORD-13785,CUST-1041,PROD-101,2026-09-16,1,Completed
ORD-13398,CUST-1166,PROD-122,2026-09-16,2,Completed
ORD-14758,CUST-1066,PROD-127,2026-09-16,1,Completed
ORD-10061,CUST-1267,PROD-111,2026-09-16,2,Completed
ORD-14614,CUST-1318,PROD-119,2026-09-16,2,Completed
ORD-13813,CUST-1475,PROD-108,2026-09-16,1,Cancelled
ORD-13190,CUST-1407,PROD-126,2026-09-16,1,Completed
ORD-12832,CUST-1089,PROD-116,2026-09-16,3,Completed
ORD-10057,CUST-1096,PROD-100,2026-09-16,1,Completed
ORD-14122,CUST-1332,PROD-125,2026-09-17,2,Completed
ORD-10561,CUST-1077,PROD-100,2026-09-17,2,Completed
ORD-14317,CUST-1191,PROD-123,2026-09-17,1,Completed
ORD-10849,CUST-1056,PROD-125,2026-09-17,1,Completed
ORD-13777,CUST-1235,PROD-110,2026-09-17,5,Completed
ORD-13548,CUST-1466,PROD-117,2026-09-17,2,Completed
ORD-10033,CUST-1161,PROD-112,2026-09-17,5,Completed
ORD-12576,CUST-1088,PROD-122,2026-09-17,1,Completed
ORD-12808,CUST-1311,PROD-109,2026-09-17,2,Completed
ORD-11275,CUST-1447,PROD-103,2026-09-17,4,Completed
ORD-14323,CUST-1397,PROD-117,2026-09-17,1,Completed
ORD-14750,CUST-1119,PROD-118,2026-09-18,1,Completed
ORD-13177,CUST-1216,PROD-125,2026-09-18,1,Completed
ORD-13914,CUST-1395,PROD-116,2026-09-18,1,Completed
ORD-12687,CUST-1392,PROD-125,2026-09-18,1,Completed
ORD-13388,CUST-1473,PROD-125,2026-09-18,3,Completed
ORD-11898,CUST-1041,PROD-103,2026-09-18,3,Completed
ORD-14057,CUST-1334,PROD-103,2026-09-18,1,Completed
ORD-13451,CUST-1378,PROD-117,2026-09-18,2,Completed
ORD-10858,CUST-1203,PROD-109,2026-09-18,1,Completed
ORD-14404,CUST-1167,PROD-100,2026-09-18,1,Completed
ORD-11205,CUST-1230,PROD-112,2026-09-18,3,Completed
ORD-10872,CUST-1335,PROD-122,2026-09-18,3,Completed
ORD-12191,CUST-1011,PROD-115,2026-09-18,1,Completed
ORD-12738,CUST-1389,PROD-101,2026-09-18,1,Completed
ORD-12978,CUST-1458,PROD-120,2026-09-18,3,Completed
ORD-13033,CUST-1342,PROD-125,2026-09-18,1,Returned
ORD-13593,CUST-1286,PROD-103,2026-09-18,3,Cancelled
ORD-14174,CUST-1458,PROD-120,2026-09-19,1,Completed
ORD-10179,CUST-1373,PROD-116,2026-09-19,2,Completed
ORD-14585,CUST-1233,PROD-109,2026-09-19,5,Returned
ORD-10381,CUST-1307,PROD-129,2026-09-19,2,Completed
ORD-13726,CUST-1439,PROD-105,2026-09-19,3,Completed
ORD-11941,CUST-1230,PROD-129,2026-09-19,1,Returned
ORD-10798,CUST-1459,PROD-122,2026-09-19,1,Returned
ORD-13611,CUST-1056,PROD-112,2026-09-19,1,Completed
ORD-14193,CUST-1045,PROD-127,2026-09-19,1,Completed
ORD-14602,CUST-1448,PROD-128,2026-09-19,1,Completed
ORD-10723,CUST-1094,PROD-109,2026-09-19,1,Returned
ORD-13780,CUST-1331,PROD-125,2026-09-19,5,Completed
ORD-12389,CUST-1314,PROD-109,2026-09-20,1,Completed
ORD-11849,CUST-1421,PROD-123,2026-09-20,1,Completed
ORD-12747,CUST-1323,PROD-117,2026-09-20,1,Completed
ORD-12395,CUST-1158,PROD-127,2026-09-20,1,Completed
ORD-10415,CUST-1286,PROD-120,2026-09-20,1,Completed
ORD-14088,CUST-1199,PROD-129,2026-09-20,1,Completed
ORD-13219,CUST-1380,PROD-116,2026-09-20,1,Completed
ORD-11607,CUST-1164,PROD-102,2026-09-20,2,Cancelled
ORD-14041,CUST-1224,PROD-122,2026-09-21,2,Completed
ORD-12247,CUST-1236,PROD-122,2026-09-21,2,Completed
ORD-12898,CUST-1063,PROD-123,2026-09-21,1,Cancelled
ORD-14847,CUST-1490,PROD-129,2026-09-21,1,Cancelled
ORD-14152,CUST-1330,PROD-123,2026-09-21,1,Completed
ORD-14978,CUST-1027,PROD-101,2026-09-21,1,Completed
ORD-14096,CUST-1041,PROD-109,2026-09-21,3,Completed
ORD-14242,CUST-1416,PROD-110,2026-09-21,2,Completed
ORD-13100,CUST-1286,PROD-124,2026-09-21,3,Completed
ORD-12173,CUST-1392,PROD-115,2026-09-21,2,Completed
ORD-14950,CUST-1398,PROD-106,2026-09-22,1,Completed
ORD-14547,CUST-1090,PROD-112,2026-09-22,1,Completed
ORD-10025,CUST-1268,PROD-111,2026-09-22,1,Returned
ORD-13595,CUST-1027,PROD-128,2026-09-22,1,Completed
ORD-10557,CUST-1002,PROD-113,2026-09-22,1,Cancelled
ORD-14459,CUST-1237,PROD-100,2026-09-22,1,Completed
ORD-12661,CUST-1036,PROD-129,2026-09-22,1,Completed
ORD-14257,CUST-1120,PROD-100,2026-09-22,1,Completed
ORD-14362,CUST-1237,PROD-125,2026-09-23,1,Completed
ORD-14624,CUST-1049,PROD-104,2026-09-23,1,Completed
ORD-10430,CUST-1343,PROD-100,2026-09-23,1,Completed
ORD-10769,CUST-1159,PROD-112,2026-09-23,5,Completed
ORD-14606,CUST-1056,PROD-102,2026-09-23,2,Completed
ORD-14464,CUST-1434,PROD-108,2026-09-23,1,Completed
ORD-11836,CUST-1307,PROD-115,2026-09-23,1,Completed
ORD-12377,CUST-1448,PROD-102,2026-09-23,3,Completed
ORD-12359,CUST-1018,PROD-106,2026-09-23,1,Completed
ORD-12307,CUST-1264,PROD-100,2026-09-23,1,Completed
ORD-13279,CUST-1191,PROD-124,2026-09-23,1,Completed
ORD-13169,CUST-1409,PROD-108,2026-09-23,2,Completed
ORD-11899,CUST-1380,PROD-106,2026-09-23,2,Completed
ORD-13339,CUST-1354,PROD-129,2026-09-23,1,Returned
ORD-11857,CUST-1190,PROD-104,2026-09-23,5,Completed
ORD-11944,CUST-1361,PROD-111,2026-09-24,3,Completed
ORD-11332,CUST-1416,PROD-121,2026-09-24,1,Completed
ORD-10216,CUST-1329,PROD-106,2026-09-24,1,Completed
ORD-11834,CUST-1281,PROD-123,2026-09-24,4,Completed
ORD-14176,CUST-1063,PROD-127,2026-09-24,3,Completed
ORD-11938,CUST-1302,PROD-120,2026-09-24,4,Completed
ORD-13615,CUST-1348,PROD-119,2026-09-24,2,Returned
ORD-14406,CUST-1294,PROD-120,2026-09-24,1,Completed
ORD-10995,CUST-1170,PROD-115,2026-09-24,1,Completed
ORD-14867,CUST-1318,PROD-113,2026-09-25,2,Completed
ORD-14890,CUST-1332,PROD-116,2026-09-25,1,Completed
ORD-13386,CUST-1439,PROD-127,2026-09-25,1,Returned
ORD-14940,CUST-1392,PROD-115,2026-09-25,2,Completed
ORD-13910,CUST-1373,PROD-129,2026-09-25,1,Completed
ORD-10558,CUST-1011,PROD-125,2026-09-25,1,Completed
ORD-13333,CUST-1282,PROD-121,2026-09-25,2,Completed
ORD-12688,CUST-1237,PROD-128,2026-09-26,1,Completed
ORD-10362,CUST-1314,PROD-101,2026-09-26,2,Completed
ORD-11536,CUST-1469,PROD-108,2026-09-26,5,Completed
ORD-12626,CUST-1196,PROD-121,2026-09-26,1,Completed
ORD-10920,CUST-1200,PROD-115,2026-09-26,1,Returned
ORD-11037,CUST-1399,PROD-119,2026-09-27,5,Completed
ORD-11380,CUST-1124,PROD-127,2026-09-27,3,Returned
ORD-14680,CUST-1185,PROD-121,2026-09-27,2,Cancelled
ORD-10912,CUST-1073,PROD-111,2026-09-27,2,Completed
ORD-13848,CUST-1136,PROD-126,2026-09-27,2,Completed
ORD-14418,CUST-1164,PROD-116,2026-09-27,1,Completed
ORD-10231,CUST-1462,PROD-100,2026-09-27,4,Completed
ORD-13675,CUST-1350,PROD-124,2026-09-27,3,Cancelled
ORD-13533,CUST-1089,PROD-109,2026-09-27,1,Completed
ORD-10421,CUST-1418,PROD-121,2026-09-27,1,Completed
ORD-10615,CUST-1120,PROD-101,2026-09-27,1,Completed
ORD-13676,CUST-1138,PROD-129,2026-09-27,1,Cancelled
ORD-11654,CUST-1421,PROD-121,2026-09-27,1,Completed
ORD-10822,CUST-1346,PROD-126,2026-09-27,2,Completed
ORD-12291,CUST-1398,PROD-116,2026-09-28,1,Completed
ORD-14688,CUST-1015,PROD-104,2026-09-28,1,Completed
ORD-10726,CUST-1276,PROD-106,2026-09-28,2,Completed
ORD-12109,CUST-1046,PROD-104,2026-09-28,3,Completed
ORD-11663,CUST-1223,PROD-100,2026-09-28,1,Completed
ORD-13489,CUST-1378,PROD-104,2026-09-28,4,Completed
ORD-13068,CUST-1207,PROD-122,2026-09-28,2,Completed
ORD-13917,CUST-1367,PROD-122,2026-09-28,1,Cancelled
ORD-13661,CUST-1439,PROD-116,2026-09-29,1,Completed
ORD-14879,CUST-1191,PROD-110,2026-09-29,2,Completed
ORD-14274,CUST-1207,PROD-115,2026-09-29,1,Completed
ORD-11226,CUST-1495,PROD-121,2026-09-29,2,Completed
ORD-12513,CUST-1477,PROD-108,2026-09-29,1,Completed
ORD-12782,CUST-1421,PROD-106,2026-09-29,1,Completed
ORD-12398,CUST-1212,PROD-123,2026-09-29,1,Completed
ORD-11534,CUST-1262,PROD-100,2026-09-29,1,Completed
ORD-12194,CUST-1489,PROD-120,2026-09-30,1,Completed
ORD-12160,CUST-1450,PROD-100,2026-09-30,1,Completed
ORD-14980,CUST-1056,PROD-103,2026-09-30,1,Completed
ORD-13006,CUST-1113,PROD-113,2026-09-30,1,Returned
ORD-12828,CUST-1272,PROD-110,2026-09-30,1,Completed
ORD-13781,CUST-1408,PROD-122,2026-09-30,1,Completed
ORD-11220,CUST-1160,PROD-116,2026-09-30,1,Completed
ORD-13406,CUST-1314,PROD-115,2026-09-30,1,Completed
ORD-14920,CUST-1190,PROD-100,2026-09-30,1,Completed
ORD-12225,CUST-1329,PROD-129,2026-09-30,1,Completed
ORD-11573,CUST-1045,PROD-121,2026-10-01,1,Completed
ORD-12408,CUST-1138,PROD-124,2026-10-01,2,Completed
ORD-14502,CUST-1061,PROD-103,2026-10-01,1,Completed
ORD-11104,CUST-1010,PROD-108,2026-10-01,2,Completed
ORD-11990,CUST-1223,PROD-101,2026-10-01,3,Completed
ORD-12648,CUST-1067,PROD-123,2026-10-01,1,Completed
ORD-10580,CUST-1041,PROD-110,2026-10-01,1,Completed
ORD-13397,CUST-1343,PROD-117,2026-10-01,1,Completed
ORD-10428,CUST-1210,PROD-128,2026-10-01,1,Completed
ORD-11435,CUST-1399,PROD-126,2026-10-01,1,Completed
ORD-11865,CUST-1014,PROD-119,2026-10-01,2,Completed
ORD-14234,CUST-1465,PROD-128,2026-10-01,5,Completed
ORD-14593,CUST-1186,PROD-121,2026-10-02,1,Returned
ORD-13960,CUST-1062,PROD-127,2026-10-02,1,Returned
ORD-11627,CUST-1230,PROD-124,2026-10-02,3,Completed
ORD-14510,CUST-1183,PROD-116,2026-10-02,2,Completed
ORD-11985,CUST-1305,PROD-114,2026-10-02,3,Completed
ORD-14180,CUST-1044,PROD-114,2026-10-02,1,Completed
ORD-10116,CUST-1262,PROD-103,2026-10-02,2,Completed
ORD-10513,CUST-1064,PROD-124,2026-10-02,1,Completed
ORD-10862,CUST-1331,PROD-120,2026-10-03,1,Completed
ORD-14430,CUST-1307,PROD-117,2026-10-03,3,Completed
ORD-11777,CUST-1394,PROD-107,2026-10-03,1,Cancelled
ORD-11232,CUST-1216,PROD-116,2026-10-03,1,Completed
ORD-11800,CUST-1448,PROD-129,2026-10-03,3,Returned
ORD-11983,CUST-1172,PROD-115,2026-10-03,4,Cancelled
ORD-10188,CUST-1421,PROD-129,2026-10-03,1,Completed
ORD-12784,CUST-1388,PROD-119,2026-10-03,1,Returned
ORD-10377,CUST-1418,PROD-106,2026-10-03,1,Returned
ORD-13537,CUST-1215,PROD-122,2026-10-04,3,Completed
ORD-14721,CUST-1059,PROD-112,2026-10-04,2,Completed
ORD-13864,CUST-1326,PROD-104,2026-10-04,1,Completed
ORD-10954,CUST-1332,PROD-117,2026-10-04,1,Completed
ORD-14115,CUST-1201,PROD-119,2026-10-04,2,Returned
ORD-10550,CUST-1096,PROD-112,2026-10-04,1,Completed
ORD-14201,CUST-1104,PROD-119,2026-10-04,1,Completed
ORD-10292,CUST-1323,PROD-101,2026-10-04,1,Completed
ORD-10831,CUST-1394,PROD-101,2026-10-05,1,Completed
ORD-11125,CUST-1160,PROD-109,2026-10-05,1,Cancelled
ORD-12296,CUST-1307,PROD-106,2026-10-05,5,Completed
ORD-10140,CUST-1337,PROD-112,2026-10-05,1,Returned
ORD-14143,CUST-1162,PROD-125,2026-10-05,2,Completed
ORD-14751,CUST-1288,PROD-115,2026-10-05,1,Returned
ORD-13263,CUST-1034,PROD-115,2026-10-05,1,Cancelled
ORD-14588,CUST-1110,PROD-123,2026-10-05,5,Completed
ORD-11188,CUST-1071,PROD-115,2026-10-05,1,Completed
ORD-13129,CUST-1431,PROD-119,2026-10-05,1,Completed
ORD-12875,CUST-1061,PROD-100,2026-10-06,2,Completed
ORD-12589,CUST-1379,PROD-116,2026-10-06,3,Completed
ORD-13993,CUST-1315,PROD-109,2026-10-06,5,Completed
ORD-14264,CUST-1134,PROD-114,2026-10-06,1,Completed
ORD-10018,CUST-1116,PROD-101,2026-10-06,1,Completed
ORD-13598,CUST-1477,PROD-109,2026-10-06,1,Completed
ORD-12243,CUST-1081,PROD-119,2026-10-06,2,Completed
ORD-13422,CUST-1111,PROD-117,2026-10-06,2,Completed
ORD-14806,CUST-1254,PROD-101,2026-10-06,3,Completed
ORD-10190,CUST-1051,PROD-116,2026-10-06,3,Completed
ORD-13403,CUST-1414,PROD-116,2026-10-06,1,Completed
ORD-12212,CUST-1400,PROD-109,2026-10-06,1,Completed
ORD-13206,CUST-1491,PROD-126,2026-10-06,1,Completed
ORD-12751,CUST-1065,PROD-117,2026-10-07,3,Completed
ORD-11729,CUST-1101,PROD-116,2026-10-07,1,Completed
ORD-13291,CUST-1286,PROD-118,2026-10-07,4,Returned
ORD-13320,CUST-1451,PROD-107,2026-10-07,5,Completed
ORD-12438,CUST-1163,PROD-125,2026-10-07,1,Returned
ORD-10095,CUST-1461,PROD-125,2026-10-07,1,Completed
ORD-12113,CUST-1063,PROD-112,2026-10-07,1,Completed
ORD-12637,CUST-1240,PROD-128,2026-10-07,1,Completed
ORD-12829,CUST-1409,PROD-128,2026-10-07,1,Completed
ORD-13586,CUST-1180,PROD-125,2026-10-07,1,Completed
ORD-10552,CUST-1450,PROD-108,2026-10-07,1,Completed
ORD-14856,CUST-1035,PROD-111,2026-10-07,4,Returned
ORD-10003,CUST-1197,PROD-124,2026-10-08,1,Completed
ORD-12286,CUST-1120,PROD-110,2026-10-08,1,Completed
ORD-12198,CUST-1067,PROD-117,2026-10-08,1,Completed
ORD-14781,CUST-1162,PROD-127,2026-10-08,1,Completed
ORD-12864,CUST-1385,PROD-129,2026-10-08,1,Completed
ORD-11884,CUST-1356,PROD-106,2026-10-08,1,Completed
ORD-10062,CUST-1250,PROD-117,2026-10-08,2,Completed
ORD-12407,CUST-1417,PROD-123,2026-10-08,1,Completed
ORD-11336,CUST-1197,PROD-127,2026-10-08,1,Completed
ORD-13513,CUST-1274,PROD-108,2026-10-08,2,Completed
ORD-12082,CUST-1114,PROD-100,2026-10-08,1,Completed
ORD-10071,CUST-1252,PROD-114,2026-10-08,1,Completed
ORD-13040,CUST-1253,PROD-100,2026-10-08,1,Completed
ORD-12527,CUST-1198,PROD-103,2026-10-09,3,Cancelled
ORD-13991,CUST-1378,PROD-122,2026-10-09,5,Completed
ORD-10855,CUST-1004,PROD-128,2026-10-09,1,Completed
ORD-14491,CUST-1292,PROD-111,2026-10-09,1,Completed
ORD-10108,CUST-1262,PROD-120,2026-10-09,1,Completed
ORD-14010,CUST-1061,PROD-100,2026-10-09,1,Completed
ORD-12685,CUST-1106,PROD-106,2026-10-09,1,Cancelled
ORD-10193,CUST-1343,PROD-114,2026-10-09,1,Returned
ORD-14667,CUST-1096,PROD-123,2026-10-09,1,Completed
ORD-14768,CUST-1458,PROD-111,2026-10-09,1,Completed
ORD-12368,CUST-1314,PROD-129,2026-10-10,1,Completed
ORD-12276,CUST-1220,PROD-113,2026-10-10,1,Completed
ORD-12934,CUST-1250,PROD-112,2026-10-10,1,Completed
ORD-11589,CUST-1288,PROD-129,2026-10-10,2,Completed
ORD-13127,CUST-1011,PROD-127,2026-10-10,1,Completed
ORD-12815,CUST-1455,PROD-127,2026-10-10,1,Returned
ORD-11720,CUST-1346,PROD-103,2026-10-10,4,Completed
ORD-13430,CUST-1448,PROD-117,2026-10-10,1,Completed
ORD-11425,CUST-1336,PROD-125,2026-10-11,1,Completed
ORD-14605,CUST-1365,PROD-129,2026-10-11,5,Returned
ORD-11498,CUST-1110,PROD-103,2026-10-11,1,Completed
ORD-11871,CUST-1055,PROD-127,2026-10-11,2,Completed
ORD-10878,CUST-1220,PROD-105,2026-10-11,1,Completed
ORD-10111,CUST-1426,PROD-107,2026-10-11,1,Completed
ORD-11346,CUST-1190,PROD-127,2026-10-11,1,Completed
ORD-11905,CUST-1387,PROD-126,2026-10-11,1,Returned
ORD-12006,CUST-1083,PROD-111,2026-10-11,3,Completed
ORD-14942,CUST-1354,PROD-117,2026-10-11,1,Completed
ORD-13415,CUST-1184,PROD-103,2026-10-11,1,Completed
ORD-13649,CUST-1079,PROD-100,2026-10-11,1,Completed
ORD-13351,CUST-1213,PROD-117,2026-10-12,2,Completed
ORD-14939,CUST-1272,PROD-127,2026-10-12,1,Completed
ORD-11280,CUST-1024,PROD-127,2026-10-12,1,Completed
ORD-10048,CUST-1055,PROD-107,2026-10-12,1,Completed
ORD-10733,CUST-1411,PROD-120,2026-10-12,2,Completed
ORD-11471,CUST-1202,PROD-122,2026-10-12,2,Completed
ORD-11124,CUST-1111,PROD-100,2026-10-13,1,Returned
ORD-13341,CUST-1419,PROD-123,2026-10-13,1,Completed
ORD-10826,CUST-1424,PROD-122,2026-10-13,2,Completed
ORD-12573,CUST-1451,PROD-110,2026-10-13,1,Completed
ORD-14462,CUST-1064,PROD-107,2026-10-13,1,Completed
ORD-13976,CUST-1256,PROD-116,2026-10-13,2,Completed
ORD-14985,CUST-1120,PROD-108,2026-10-13,1,Returned
ORD-14977,CUST-1468,PROD-105,2026-10-13,1,Completed
ORD-14032,CUST-1193,PROD-103,2026-10-14,1,Completed
ORD-13307,CUST-1353,PROD-106,2026-10-14,1,Completed
ORD-14636,CUST-1281,PROD-107,2026-10-14,1,Completed
ORD-14359,CUST-1272,PROD-108,2026-10-14,3,Completed
ORD-13059,CUST-1055,PROD-129,2026-10-14,1,Completed
ORD-13153,CUST-1323,PROD-117,2026-10-14,1,Completed
ORD-11133,CUST-1106,PROD-111,2026-10-14,1,Completed
ORD-14792,CUST-1119,PROD-101,2026-10-14,1,Cancelled
ORD-12781,CUST-1110,PROD-103,2026-10-14,1,Completed
ORD-10296,CUST-1028,PROD-110,2026-10-14,1,Completed
ORD-13380,CUST-1437,PROD-124,2026-10-14,1,Completed
ORD-12022,CUST-1414,PROD-107,2026-10-14,1,Completed
ORD-13046,CUST-1483,PROD-128,2026-10-14,1,Completed
ORD-12946,CUST-1272,PROD-109,2026-10-15,3,Completed
ORD-14215,CUST-1477,PROD-103,2026-10-15,2,Completed
ORD-14719,CUST-1081,PROD-125,2026-10-15,1,Completed
ORD-13159,CUST-1272,PROD-102,2026-10-15,2,Completed
ORD-11384,CUST-1414,PROD-114,2026-10-15,1,Completed
ORD-12477,CUST-1414,PROD-105,2026-10-15,2,Returned
ORD-14776,CUST-1052,PROD-123,2026-10-15,1,Completed
ORD-11036,CUST-1376,PROD-115,2026-10-15,1,Returned
ORD-11680,CUST-1121,PROD-126,2026-10-15,1,Completed
ORD-10308,CUST-1190,PROD-111,2026-10-15,4,Completed
ORD-12491,CUST-1490,PROD-128,2026-10-15,2,Completed
ORD-14820,CUST-1106,PROD-101,2026-10-15,1,Completed
ORD-12206,CUST-1212,PROD-113,2026-10-16,1,Completed
ORD-11445,CUST-1096,PROD-120,2026-10-16,1,Completed
ORD-11566,CUST-1390,PROD-117,2026-10-16,2,Completed
ORD-10587,CUST-1053,PROD-129,2026-10-16,1,Completed
ORD-13759,CUST-1262,PROD-116,2026-10-16,3,Completed
ORD-13309,CUST-1050,PROD-103,2026-10-16,5,Completed
ORD-11489,CUST-1347,PROD-122,2026-10-16,1,Completed
ORD-13566,CUST-1256,PROD-107,2026-10-16,1,Completed
ORD-12454,CUST-1446,PROD-115,2026-10-17,2,Completed
ORD-11128,CUST-1414,PROD-128,2026-10-17,1,Completed
ORD-14331,CUST-1207,PROD-128,2026-10-17,1,Completed
ORD-14132,CUST-1358,PROD-121,2026-10-17,1,Completed
ORD-12385,CUST-1190,PROD-120,2026-10-17,1,Completed
ORD-12170,CUST-1375,PROD-119,2026-10-17,3,Completed
ORD-10175,CUST-1021,PROD-121,2026-10-17,1,Returned
ORD-11659,CUST-1425,PROD-127,2026-10-17,1,Completed
ORD-11638,CUST-1011,PROD-100,2026-10-17,4,Completed
ORD-11950,CUST-1202,PROD-117,2026-10-17,2,Completed
ORD-13683,CUST-1134,PROD-115,2026-10-18,1,Completed
ORD-11428,CUST-1394,PROD-103,2026-10-18,1,Completed
ORD-13450,CUST-1181,PROD-101,2026-10-18,2,Completed
ORD-12609,CUST-1076,PROD-129,2026-10-18,1,Completed
ORD-14376,CUST-1116,PROD-127,2026-10-18,1,Completed
ORD-12680,CUST-1099,PROD-127,2026-10-18,2,Completed
ORD-10392,CUST-1429,PROD-121,2026-10-18,5,Completed
ORD-12447,CUST-1295,PROD-109,2026-10-18,1,Completed
ORD-13669,CUST-1045,PROD-125,2026-10-18,1,Completed
ORD-11799,CUST-1075,PROD-112,2026-10-18,1,Returned
ORD-14086,CUST-1299,PROD-120,2026-10-18,1,Completed
ORD-13440,CUST-1038,PROD-121,2026-10-18,1,Completed
ORD-12032,CUST-1300,PROD-106,2026-10-19,1,Completed
ORD-14455,CUST-1276,PROD-128,2026-10-19,4,Completed
ORD-14450,CUST-1469,PROD-129,2026-10-19,2,Returned
ORD-11641,CUST-1149,PROD-108,2026-10-19,1,Completed
ORD-10342,CUST-1183,PROD-121,2026-10-19,2,Completed
ORD-12328,CUST-1462,PROD-100,2026-10-19,2,Completed
ORD-13247,CUST-1305,PROD-110,2026-10-19,3,Completed
ORD-10040,CUST-1454,PROD-101,2026-10-19,1,Completed
ORD-10729,CUST-1224,PROD-115,2026-10-19,5,Completed
ORD-10366,CUST-1498,PROD-121,2026-10-19,1,Returned
ORD-13604,CUST-1416,PROD-111,2026-10-19,2,Completed
ORD-11053,CUST-1356,PROD-107,2026-10-19,2,Completed
ORD-10968,CUST-1374,PROD-104,2026-10-19,1,Completed
ORD-10835,CUST-1262,PROD-111,2026-10-20,1,Completed
ORD-13770,CUST-1380,PROD-109,2026-10-20,2,Completed
ORD-11218,CUST-1448,PROD-119,2026-10-20,1,Completed
ORD-12595,CUST-1498,PROD-126,2026-10-20,2,Returned
ORD-13205,CUST-1075,PROD-109,2026-10-20,2,Completed
ORD-14711,CUST-1497,PROD-117,2026-10-20,5,Completed
ORD-11939,CUST-1269,PROD-109,2026-10-20,3,Returned
ORD-10721,CUST-1106,PROD-105,2026-10-20,1,Completed
ORD-10019,CUST-1079,PROD-127,2026-10-20,2,Completed
ORD-13578,CUST-1421,PROD-112,2026-10-20,1,Completed
ORD-14466,CUST-1463,PROD-119,2026-10-20,2,Completed
ORD-14568,CUST-1409,PROD-122,2026-10-20,1,Completed
ORD-13603,CUST-1200,PROD-128,2026-10-21,1,Completed
ORD-12636,CUST-1230,PROD-119,2026-10-21,2,Completed
ORD-10234,CUST-1134,PROD-116,2026-10-21,1,Completed
ORD-12037,CUST-1135,PROD-110,2026-10-21,1,Completed
ORD-11987,CUST-1163,PROD-112,2026-10-21,2,Completed
ORD-14070,CUST-1045,PROD-129,2026-10-21,1,Completed
ORD-10186,CUST-1394,PROD-116,2026-10-21,5,Completed
ORD-13302,CUST-1134,PROD-100,2026-10-21,2,Completed
ORD-11844,CUST-1439,PROD-122,2026-10-21,2,Completed
ORD-10001,CUST-1224,PROD-109,2026-10-21,1,Completed
ORD-14148,CUST-1471,PROD-126,2026-10-22,1,Completed
ORD-11393,CUST-1461,PROD-119,2026-10-22,1,Completed
ORD-13249,CUST-1491,PROD-108,2026-10-22,4,Returned
ORD-13488,CUST-1134,PROD-119,2026-10-22,1,Completed
ORD-11677,CUST-1474,PROD-116,2026-10-22,1,Returned
ORD-14357,CUST-1375,PROD-106,2026-10-22,2,Returned
ORD-10135,CUST-1191,PROD-103,2026-10-22,1,Cancelled
ORD-13301,CUST-1426,PROD-121,2026-10-22,2,Completed
ORD-12741,CUST-1463,PROD-111,2026-10-22,1,Completed
ORD-12146,CUST-1036,PROD-122,2026-10-22,1,Completed
ORD-14423,CUST-1171,PROD-101,2026-10-22,3,Completed
ORD-13845,CUST-1477,PROD-123,2026-10-22,1,Completed
ORD-11327,CUST-1458,PROD-125,2026-10-22,1,Completed
ORD-13758,CUST-1127,PROD-111,2026-10-22,1,Completed
ORD-11933,CUST-1483,PROD-106,2026-10-22,1,Completed
ORD-12363,CUST-1037,PROD-115,2026-10-22,1,Completed
ORD-10928,CUST-1418,PROD-124,2026-10-22,2,Completed
ORD-10464,CUST-1286,PROD-126,2026-10-22,1,Completed
ORD-12432,CUST-1288,PROD-108,2026-10-22,1,Completed
ORD-12373,CUST-1207,PROD-112,2026-10-22,1,Completed
ORD-14975,CUST-1116,PROD-107,2026-10-22,1,Completed
ORD-10865,CUST-1268,PROD-108,2026-10-23,1,Completed
ORD-13063,CUST-1111,PROD-114,2026-10-23,1,Completed
ORD-11390,CUST-1145,PROD-118,2026-10-23,1,Completed
ORD-14263,CUST-1365,PROD-116,2026-10-23,1,Cancelled
ORD-11234,CUST-1311,PROD-114,2026-10-23,1,Completed
ORD-14931,CUST-1325,PROD-107,2026-10-23,3,Completed
ORD-11224,CUST-1066,PROD-121,2026-10-23,1,Cancelled
ORD-14199,CUST-1414,PROD-111,2026-10-23,4,Completed
ORD-10211,CUST-1075,PROD-127,2026-10-23,2,Completed
ORD-14647,CUST-1278,PROD-123,2026-10-23,1,Completed
ORD-12184,CUST-1120,PROD-103,2026-10-23,1,Completed
ORD-11459,CUST-1326,PROD-126,2026-10-23,1,Completed
ORD-14493,CUST-1237,PROD-114,2026-10-24,1,Completed
ORD-14712,CUST-1164,PROD-112,2026-10-24,1,Completed
ORD-12881,CUST-1414,PROD-100,2026-10-24,2,Completed
ORD-12974,CUST-1376,PROD-103,2026-10-24,4,Completed
ORD-14819,CUST-1209,PROD-121,2026-10-24,1,Cancelled
ORD-14410,CUST-1370,PROD-125,2026-10-24,2,Returned
ORD-12070,CUST-1300,PROD-117,2026-10-24,5,Completed
ORD-13217,CUST-1164,PROD-114,2026-10-24,1,Completed
ORD-14259,CUST-1096,PROD-110,2026-10-24,2,Completed
ORD-11690,CUST-1150,PROD-103,2026-10-24,5,Completed
ORD-13187,CUST-1497,PROD-119,2026-10-24,1,Completed
ORD-12487,CUST-1220,PROD-123,2026-10-25,1,Returned
ORD-13092,CUST-1276,PROD-118,2026-10-25,1,Returned
ORD-12028,CUST-1315,PROD-102,2026-10-25,3,Completed
ORD-14095,CUST-1439,PROD-121,2026-10-25,2,Completed
ORD-11712,CUST-1155,PROD-129,2026-10-25,2,Completed
ORD-14280,CUST-1321,PROD-105,2026-10-25,5,Completed
ORD-13055,CUST-1351,PROD-107,2026-10-25,4,Cancelled
ORD-13951,CUST-1329,PROD-126,2026-10-25,1,Completed
ORD-14116,CUST-1011,PROD-110,2026-10-25,1,Returned
ORD-12965,CUST-1162,PROD-106,2026-10-25,2,Completed
ORD-12529,CUST-1237,PROD-127,2026-10-25,2,Cancelled
ORD-13704,CUST-1356,PROD-123,2026-10-25,1,Completed
ORD-11073,CUST-1414,PROD-118,2026-10-25,1,Completed
ORD-11591,CUST-1392,PROD-126,2026-10-25,1,Completed
ORD-13736,CUST-1096,PROD-111,2026-10-25,1,Completed
ORD-11264,CUST-1307,PROD-120,2026-10-25,4,Completed
ORD-13218,CUST-1054,PROD-118,2026-10-25,5,Completed
ORD-11148,CUST-1359,PROD-106,2026-10-26,1,Completed
ORD-10149,CUST-1322,PROD-105,2026-10-26,1,Completed
ORD-13697,CUST-1243,PROD-104,2026-10-26,1,Completed
ORD-11282,CUST-1025,PROD-101,2026-10-26,2,Completed
ORD-14662,CUST-1054,PROD-122,2026-10-26,1,Completed
ORD-10325,CUST-1083,PROD-113,2026-10-26,1,Completed
ORD-11387,CUST-1016,PROD-102,2026-10-26,1,Returned
ORD-12827,CUST-1451,PROD-122,2026-10-26,1,Returned
ORD-12681,CUST-1145,PROD-104,2026-10-26,5,Completed
ORD-10604,CUST-1376,PROD-101,2026-10-26,2,Completed
ORD-10378,CUST-1383,PROD-122,2026-10-26,3,Returned
ORD-12520,CUST-1062,PROD-102,2026-10-26,1,Completed
ORD-13622,CUST-1352,PROD-106,2026-10-27,3,Completed
ORD-11568,CUST-1331,PROD-114,2026-10-27,2,Completed
ORD-12813,CUST-1007,PROD-102,2026-10-27,1,Completed
ORD-13514,CUST-1064,PROD-118,2026-10-27,2,Completed
ORD-10298,CUST-1226,PROD-111,2026-10-27,5,Completed
ORD-12043,CUST-1119,PROD-107,2026-10-27,1,Completed
ORD-10153,CUST-1339,PROD-114,2026-10-27,1,Returned
ORD-14572,CUST-1421,PROD-107,2026-10-27,1,Completed
ORD-11676,CUST-1173,PROD-104,2026-10-27,3,Completed
ORD-14327,CUST-1364,PROD-120,2026-10-27,1,Completed
ORD-10388,CUST-1096,PROD-125,2026-10-27,2,Completed
ORD-12067,CUST-1009,PROD-118,2026-10-27,1,Completed
ORD-11582,CUST-1067,PROD-103,2026-10-28,2,Returned
ORD-13085,CUST-1375,PROD-125,2026-10-28,1,Completed
ORD-14998,CUST-1219,PROD-103,2026-10-28,1,Completed
ORD-12091,CUST-1054,PROD-115,2026-10-28,1,Returned
ORD-14196,CUST-1163,PROD-127,2026-10-28,1,Completed
ORD-10953,CUST-1061,PROD-109,2026-10-28,1,Returned
ORD-11225,CUST-1113,PROD-107,2026-10-28,2,Completed
ORD-10698,CUST-1255,PROD-125,2026-10-28,1,Completed
ORD-12568,CUST-1469,PROD-112,2026-10-28,4,Completed
ORD-13123,CUST-1206,PROD-117,2026-10-28,3,Completed
ORD-12361,CUST-1280,PROD-118,2026-10-29,1,Completed
ORD-11195,CUST-1149,PROD-110,2026-10-29,1,Completed
ORD-13977,CUST-1218,PROD-115,2026-10-29,1,Completed
ORD-11057,CUST-1297,PROD-101,2026-10-29,1,Completed
ORD-13521,CUST-1276,PROD-104,2026-10-29,2,Completed
ORD-11948,CUST-1351,PROD-127,2026-10-29,1,Completed
ORD-10279,CUST-1254,PROD-128,2026-10-29,1,Completed
ORD-13227,CUST-1233,PROD-111,2026-10-29,2,Completed
ORD-10568,CUST-1036,PROD-110,2026-10-29,5,Completed
ORD-13875,CUST-1025,PROD-128,2026-10-29,1,Completed
ORD-11269,CUST-1421,PROD-126,2026-10-30,1,Completed
ORD-13705,CUST-1197,PROD-115,2026-10-30,2,Completed
ORD-13636,CUST-1228,PROD-119,2026-10-30,2,Completed
ORD-10817,CUST-1081,PROD-129,2026-10-30,1,Returned
ORD-14099,CUST-1136,PROD-105,2026-10-30,1,Completed
ORD-11284,CUST-1168,PROD-118,2026-10-30,1,Completed
ORD-13659,CUST-1473,PROD-110,2026-10-31,1,Completed
ORD-13844,CUST-1051,PROD-106,2026-10-31,3,Completed
ORD-12008,CUST-1409,PROD-129,2026-10-31,1,Cancelled
ORD-10612,CUST-1190,PROD-103,2026-10-31,1,Completed
ORD-12480,CUST-1421,PROD-114,2026-10-31,1,Completed
ORD-11837,CUST-1285,PROD-125,2026-10-31,1,Completed
ORD-10922,CUST-1463,PROD-100,2026-10-31,1,Completed
ORD-11392,CUST-1405,PROD-105,2026-10-31,1,Completed
ORD-14770,CUST-1045,PROD-121,2026-10-31,1,Completed
ORD-11537,CUST-1147,PROD-126,2026-11-01,2,Completed
ORD-10323,CUST-1434,PROD-111,2026-11-01,2,Completed
ORD-11682,CUST-1363,PROD-108,2026-11-01,4,Returned
ORD-11809,CUST-1010,PROD-116,2026-11-01,1,Completed
ORD-10311,CUST-1265,PROD-118,2026-11-01,1,Completed
ORD-14494,CUST-1474,PROD-124,2026-11-01,1,Returned
ORD-10163,CUST-1045,PROD-123,2026-11-01,1,Completed
ORD-10238,CUST-1091,PROD-106,2026-11-01,1,Completed
ORD-14638,CUST-1219,PROD-119,2026-11-01,4,Completed
ORD-12601,CUST-1268,PROD-105,2026-11-01,1,Completed
ORD-13872,CUST-1210,PROD-100,2026-11-01,1,Completed
ORD-14171,CUST-1350,PROD-124,2026-11-01,2,Completed
ORD-12947,CUST-1291,PROD-110,2026-11-01,1,Completed
ORD-14916,CUST-1301,PROD-107,2026-11-01,1,Completed
ORD-11751,CUST-1054,PROD-120,2026-11-01,1,Completed
ORD-11186,CUST-1011,PROD-115,2026-11-02,1,Returned
ORD-13811,CUST-1447,PROD-108,2026-11-02,1,Cancelled
ORD-11895,CUST-1376,PROD-116,2026-11-02,1,Completed
ORD-13483,CUST-1017,PROD-111,2026-11-02,2,Returned
ORD-13069,CUST-1322,PROD-117,2026-11-02,1,Completed
ORD-12054,CUST-1231,PROD-111,2026-11-02,1,Completed
ORD-11259,CUST-1325,PROD-113,2026-11-02,2,Completed
ORD-10266,CUST-1081,PROD-105,2026-11-02,1,Completed
ORD-12101,CUST-1070,PROD-116,2026-11-02,4,Completed
ORD-14558,CUST-1010,PROD-113,2026-11-03,1,Returned
ORD-14366,CUST-1052,PROD-119,2026-11-03,2,Completed
ORD-11378,CUST-1255,PROD-115,2026-11-03,1,Completed
ORD-10305,CUST-1017,PROD-114,2026-11-03,1,Completed
ORD-11768,CUST-1173,PROD-120,2026-11-03,2,Completed
ORD-11411,CUST-1054,PROD-104,2026-11-03,2,Completed
ORD-12284,CUST-1468,PROD-117,2026-11-03,1,Completed
ORD-11268,CUST-1206,PROD-102,2026-11-03,4,Completed
ORD-12186,CUST-1430,PROD-102,2026-11-03,1,Cancelled
ORD-11774,CUST-1491,PROD-112,2026-11-03,1,Completed
ORD-13417,CUST-1024,PROD-100,2026-11-03,2,Completed
ORD-13896,CUST-1146,PROD-114,2026-11-03,1,Returned
ORD-14718,CUST-1322,PROD-126,2026-11-04,5,Returned
ORD-11092,CUST-1195,PROD-112,2026-11-04,4,Completed
ORD-12920,CUST-1054,PROD-106,2026-11-04,1,Completed
ORD-13314,CUST-1030,PROD-116,2026-11-04,1,Completed
ORD-11577,CUST-1450,PROD-122,2026-11-04,1,Completed
ORD-11829,CUST-1216,PROD-126,2026-11-04,1,Completed
ORD-13361,CUST-1011,PROD-122,2026-11-04,4,Completed
ORD-12081,CUST-1168,PROD-115,2026-11-04,4,Completed
ORD-13938,CUST-1314,PROD-122,2026-11-04,2,Completed
ORD-14133,CUST-1356,PROD-119,2026-11-04,3,Completed
ORD-10836,CUST-1459,PROD-109,2026-11-05,1,Completed
ORD-13232,CUST-1265,PROD-111,2026-11-05,1,Completed
ORD-11089,CUST-1418,PROD-112,2026-11-05,1,Completed
ORD-12394,CUST-1096,PROD-129,2026-11-05,1,Completed
ORD-12838,CUST-1186,PROD-126,2026-11-05,1,Returned
ORD-14919,CUST-1231,PROD-108,2026-11-05,1,Completed
ORD-12129,CUST-1051,PROD-112,2026-11-05,2,Returned
ORD-10710,CUST-1158,PROD-108,2026-11-05,1,Completed
ORD-10356,CUST-1338,PROD-121,2026-11-05,5,Completed
ORD-14438,CUST-1075,PROD-109,2026-11-05,2,Returned
ORD-12880,CUST-1210,PROD-120,2026-11-06,3,Completed
ORD-10339,CUST-1223,PROD-100,2026-11-06,4,Completed
ORD-11672,CUST-1004,PROD-125,2026-11-06,1,Completed
ORD-12570,CUST-1286,PROD-119,2026-11-06,1,Returned
ORD-14591,CUST-1191,PROD-107,2026-11-06,2,Completed
ORD-12646,CUST-1085,PROD-117,2026-11-07,1,Completed
ORD-14692,CUST-1104,PROD-119,2026-11-07,1,Completed
ORD-10287,CUST-1326,PROD-129,2026-11-07,1,Completed
ORD-13047,CUST-1017,PROD-101,2026-11-07,1,Completed
ORD-11021,CUST-1414,PROD-110,2026-11-07,1,Completed
ORD-12156,CUST-1062,PROD-115,2026-11-07,2,Completed
ORD-13468,CUST-1009,PROD-116,2026-11-07,1,Completed
ORD-13832,CUST-1475,PROD-127,2026-11-07,1,Completed
ORD-12852,CUST-1348,PROD-121,2026-11-07,1,Completed
ORD-10220,CUST-1301,PROD-124,2026-11-07,2,Completed
ORD-12246,CUST-1009,PROD-119,2026-11-07,1,Completed
ORD-11821,CUST-1127,PROD-109,2026-11-07,1,Completed
ORD-12729,CUST-1375,PROD-101,2026-11-07,1,Completed
ORD-10091,CUST-1190,PROD-120,2026-11-07,1,Completed
ORD-12565,CUST-1476,PROD-100,2026-11-07,2,Completed
ORD-10127,CUST-1444,PROD-101,2026-11-07,1,Completed
ORD-12388,CUST-1435,PROD-108,2026-11-07,1,Completed
ORD-14815,CUST-1383,PROD-106,2026-11-07,3,Completed
ORD-12089,CUST-1376,PROD-110,2026-11-07,1,Completed
ORD-13788,CUST-1313,PROD-116,2026-11-07,2,Completed
ORD-10270,CUST-1276,PROD-111,2026-11-07,4,Completed
ORD-11112,CUST-1270,PROD-117,2026-11-07,1,Completed
ORD-10194,CUST-1322,PROD-106,2026-11-08,1,Returned
ORD-12971,CUST-1237,PROD-105,2026-11-08,1,Cancelled
ORD-10386,CUST-1191,PROD-115,2026-11-08,1,Completed
ORD-11874,CUST-1436,PROD-109,2026-11-08,2,Completed
ORD-12415,CUST-1110,PROD-102,2026-11-08,1,Completed
ORD-14311,CUST-1388,PROD-129,2026-11-08,1,Completed
ORD-10812,CUST-1422,PROD-104,2026-11-08,1,Completed
ORD-10648,CUST-1075,PROD-100,2026-11-08,1,Cancelled
ORD-10906,CUST-1381,PROD-128,2026-11-08,1,Completed
ORD-12203,CUST-1392,PROD-121,2026-11-08,1,Completed
ORD-12484,CUST-1452,PROD-110,2026-11-08,1,Completed
ORD-14476,CUST-1378,PROD-104,2026-11-09,1,Completed
ORD-13182,CUST-1005,PROD-112,2026-11-09,1,Completed
ORD-13072,CUST-1416,PROD-116,2026-11-09,2,Completed
ORD-13523,CUST-1385,PROD-129,2026-11-09,1,Completed
ORD-10412,CUST-1405,PROD-108,2026-11-09,1,Completed
ORD-10360,CUST-1363,PROD-114,2026-11-09,1,Completed
ORD-12127,CUST-1265,PROD-104,2026-11-09,2,Completed
ORD-12704,CUST-1073,PROD-100,2026-11-09,1,Completed
ORD-12195,CUST-1054,PROD-114,2026-11-09,2,Completed
ORD-13850,CUST-1084,PROD-100,2026-11-09,4,Returned
ORD-12217,CUST-1219,PROD-120,2026-11-09,1,Completed
ORD-10893,CUST-1440,PROD-101,2026-11-09,1,Completed
ORD-11215,CUST-1219,PROD-114,2026-11-09,5,Completed
ORD-14281,CUST-1134,PROD-104,2026-11-09,2,Completed
ORD-11051,CUST-1327,PROD-110,2026-11-10,1,Completed
ORD-10937,CUST-1393,PROD-119,2026-11-10,2,Completed
ORD-14160,CUST-1414,PROD-118,2026-11-10,2,Completed
ORD-10345,CUST-1136,PROD-101,2026-11-10,3,Returned
ORD-10520,CUST-1278,PROD-101,2026-11-10,2,Completed
ORD-13342,CUST-1131,PROD-114,2026-11-11,1,Completed
ORD-13964,CUST-1164,PROD-101,2026-11-11,1,Completed
ORD-10359,CUST-1363,PROD-125,2026-11-11,1,Completed
ORD-11507,CUST-1078,PROD-114,2026-11-11,5,Completed
ORD-11529,CUST-1127,PROD-107,2026-11-11,1,Completed
ORD-10840,CUST-1151,PROD-109,2026-11-11,1,Completed
ORD-10047,CUST-1248,PROD-120,2026-11-11,2,Completed
ORD-14726,CUST-1362,PROD-110,2026-11-11,1,Returned
ORD-13499,CUST-1275,PROD-110,2026-11-11,1,Completed
ORD-14714,CUST-1445,PROD-116,2026-11-11,3,Completed
ORD-11872,CUST-1493,PROD-100,2026-11-11,1,Completed
ORD-14330,CUST-1171,PROD-111,2026-11-11,1,Completed
ORD-13195,CUST-1439,PROD-110,2026-11-12,1,Returned
ORD-12450,CUST-1257,PROD-111,2026-11-12,1,Completed
ORD-13029,CUST-1398,PROD-116,2026-11-12,3,Completed
ORD-10425,CUST-1265,PROD-117,2026-11-12,1,Completed
ORD-13446,CUST-1452,PROD-118,2026-11-12,3,Returned
ORD-14929,CUST-1054,PROD-117,2026-11-12,5,Completed
ORD-11728,CUST-1075,PROD-114,2026-11-12,1,Completed
ORD-14452,CUST-1054,PROD-125,2026-11-12,2,Completed
ORD-13402,CUST-1393,PROD-103,2026-11-12,1,Completed
ORD-12548,CUST-1230,PROD-112,2026-11-12,1,Completed
ORD-13971,CUST-1054,PROD-104,2026-11-12,3,Completed
ORD-12413,CUST-1360,PROD-117,2026-11-12,2,Completed
ORD-13680,CUST-1174,PROD-108,2026-11-12,1,Completed
ORD-10310,CUST-1263,PROD-112,2026-11-13,2,Returned
ORD-12426,CUST-1363,PROD-104,2026-11-13,1,Completed
ORD-14897,CUST-1045,PROD-122,2026-11-13,1,Returned
ORD-11519,CUST-1257,PROD-108,2026-11-13,1,Completed
ORD-11371,CUST-1183,PROD-100,2026-11-13,1,Completed
ORD-13498,CUST-1325,PROD-114,2026-11-13,1,Completed
ORD-10172,CUST-1174,PROD-121,2026-11-13,1,Completed
ORD-10165,CUST-1323,PROD-114,2026-11-13,2,Completed
ORD-11212,CUST-1031,PROD-101,2026-11-13,2,Completed
ORD-10793,CUST-1221,PROD-108,2026-11-14,1,Returned
ORD-11662,CUST-1075,PROD-105,2026-11-14,1,Completed
ORD-11805,CUST-1362,PROD-107,2026-11-14,1,Completed
ORD-13233,CUST-1006,PROD-124,2026-11-14,1,Completed
ORD-13062,CUST-1052,PROD-111,2026-11-14,2,Completed
ORD-10273,CUST-1428,PROD-120,2026-11-14,1,Completed
ORD-12298,CUST-1230,PROD-107,2026-11-14,2,Cancelled
ORD-13713,CUST-1322,PROD-114,2026-11-14,2,Completed
ORD-13807,CUST-1146,PROD-102,2026-11-14,1,Completed
ORD-13817,CUST-1452,PROD-115,2026-11-14,1,Cancelled
ORD-12175,CUST-1327,PROD-101,2026-11-14,3,Completed
ORD-12410,CUST-1231,PROD-112,2026-11-14,1,Completed
ORD-12763,CUST-1474,PROD-109,2026-11-14,4,Completed
ORD-13783,CUST-1448,PROD-125,2026-11-14,1,Completed
ORD-10284,CUST-1072,PROD-112,2026-11-14,1,Completed
ORD-10486,CUST-1404,PROD-106,2026-11-15,2,Completed
ORD-10448,CUST-1006,PROD-110,2026-11-15,3,Completed
ORD-10542,CUST-1061,PROD-128,2026-11-15,2,Returned
ORD-13293,CUST-1153,PROD-102,2026-11-15,1,Completed
ORD-12892,CUST-1107,PROD-120,2026-11-15,1,Completed
ORD-11748,CUST-1343,PROD-103,2026-11-15,1,Completed
ORD-12381,CUST-1439,PROD-115,2026-11-15,1,Completed
ORD-13506,CUST-1435,PROD-120,2026-11-16,2,Cancelled
ORD-10838,CUST-1264,PROD-106,2026-11-16,2,Completed
ORD-10499,CUST-1117,PROD-113,2026-11-16,1,Completed
ORD-12313,CUST-1328,PROD-118,2026-11-16,1,Completed
ORD-13507,CUST-1359,PROD-106,2026-11-16,2,Completed
ORD-14384,CUST-1206,PROD-102,2026-11-16,1,Completed
ORD-10088,CUST-1160,PROD-115,2026-11-16,1,Completed
ORD-10563,CUST-1409,PROD-128,2026-11-16,1,Completed
ORD-14816,CUST-1006,PROD-111,2026-11-16,1,Completed
ORD-14899,CUST-1290,PROD-109,2026-11-16,1,Completed
ORD-12234,CUST-1010,PROD-114,2026-11-16,1,Completed
ORD-13665,CUST-1083,PROD-127,2026-11-16,1,Cancelled
ORD-10638,CUST-1371,PROD-119,2026-11-16,2,Completed
ORD-11966,CUST-1207,PROD-123,2026-11-17,1,Completed
ORD-11708,CUST-1325,PROD-106,2026-11-17,1,Returned
ORD-12745,CUST-1160,PROD-112,2026-11-17,1,Completed
ORD-13001,CUST-1008,PROD-114,2026-11-17,1,Cancelled
ORD-10848,CUST-1383,PROD-104,2026-11-17,3,Completed
ORD-13296,CUST-1126,PROD-108,2026-11-17,1,Cancelled
ORD-10148,CUST-1189,PROD-112,2026-11-17,1,Returned
ORD-10956,CUST-1135,PROD-129,2026-11-17,1,Completed
ORD-10158,CUST-1155,PROD-118,2026-11-17,1,Completed
ORD-11875,CUST-1184,PROD-104,2026-11-17,1,Completed
ORD-10654,CUST-1134,PROD-109,2026-11-17,4,Cancelled
ORD-10677,CUST-1425,PROD-114,2026-11-17,1,Completed
ORD-12870,CUST-1231,PROD-126,2026-11-17,1,Cancelled
ORD-13326,CUST-1380,PROD-123,2026-11-17,3,Completed
ORD-12157,CUST-1006,PROD-111,2026-11-18,1,Completed
ORD-10218,CUST-1084,PROD-129,2026-11-18,1,Returned
ORD-13647,CUST-1011,PROD-101,2026-11-18,1,Completed
ORD-11946,CUST-1167,PROD-123,2026-11-18,1,Completed
ORD-12884,CUST-1036,PROD-102,2026-11-18,2,Cancelled
ORD-14649,CUST-1257,PROD-106,2026-11-18,4,Completed
ORD-10807,CUST-1342,PROD-105,2026-11-18,1,Completed
ORD-11436,CUST-1375,PROD-126,2026-11-18,1,Completed
ORD-13602,CUST-1328,PROD-100,2026-11-18,3,Completed
ORD-13155,CUST-1094,PROD-110,2026-11-18,1,Completed
ORD-11798,CUST-1388,PROD-115,2026-11-19,3,Completed
ORD-13725,CUST-1272,PROD-116,2026-11-19,1,Completed
ORD-11518,CUST-1276,PROD-125,2026-11-19,1,Cancelled
ORD-11000,CUST-1031,PROD-114,2026-11-19,3,Completed
ORD-14265,CUST-1414,PROD-112,2026-11-19,1,Returned
ORD-10475,CUST-1429,PROD-119,2026-11-19,4,Completed
ORD-11756,CUST-1262,PROD-110,2026-11-19,1,Completed
ORD-10773,CUST-1377,PROD-105,2026-11-19,1,Completed
ORD-13467,CUST-1140,PROD-109,2026-11-19,1,Completed
ORD-14202,CUST-1017,PROD-129,2026-11-19,4,Completed
ORD-10751,CUST-1392,PROD-129,2026-11-19,2,Completed
ORD-14895,CUST-1075,PROD-128,2026-11-19,2,Returned
ORD-13623,CUST-1290,PROD-122,2026-11-19,1,Completed
ORD-12955,CUST-1370,PROD-103,2026-11-19,1,Completed
ORD-13798,CUST-1219,PROD-111,2026-11-20,1,Completed
ORD-13981,CUST-1041,PROD-107,2026-11-20,1,Completed
ORD-12064,CUST-1132,PROD-117,2026-11-20,1,Completed
ORD-11797,CUST-1303,PROD-111,2026-11-20,3,Completed
ORD-10383,CUST-1049,PROD-113,2026-11-20,3,Completed
ORD-12590,CUST-1356,PROD-117,2026-11-20,1,Completed
ORD-13115,CUST-1219,PROD-125,2026-11-20,2,Returned
ORD-11593,CUST-1448,PROD-101,2026-11-20,1,Completed
ORD-10355,CUST-1257,PROD-102,2026-11-20,4,Completed
ORD-14967,CUST-1196,PROD-118,2026-11-20,1,Completed
ORD-13755,CUST-1293,PROD-126,2026-11-20,2,Returned
ORD-10678,CUST-1027,PROD-108,2026-11-20,5,Completed
ORD-14213,CUST-1329,PROD-101,2026-11-20,4,Completed
ORD-10688,CUST-1332,PROD-109,2026-11-20,1,Completed
ORD-10569,CUST-1312,PROD-115,2026-11-20,1,Completed
ORD-12935,CUST-1323,PROD-108,2026-11-20,2,Completed
ORD-13064,CUST-1109,PROD-129,2026-11-20,5,Completed
ORD-10560,CUST-1161,PROD-118,2026-11-20,1,Completed
ORD-13223,CUST-1262,PROD-120,2026-11-20,1,Completed
ORD-10280,CUST-1067,PROD-104,2026-11-21,2,Completed
ORD-11464,CUST-1009,PROD-120,2026-11-21,1,Completed
ORD-11216,CUST-1276,PROD-125,2026-11-21,1,Completed
ORD-11052,CUST-1234,PROD-111,2026-11-21,1,Completed
ORD-11788,CUST-1124,PROD-102,2026-11-21,2,Completed
ORD-11397,CUST-1009,PROD-100,2026-11-21,1,Completed
ORD-13775,CUST-1474,PROD-121,2026-11-21,1,Completed
ORD-11010,CUST-1434,PROD-125,2026-11-21,1,Cancelled
ORD-11509,CUST-1311,PROD-128,2026-11-21,1,Completed
ORD-12776,CUST-1466,PROD-121,2026-11-21,5,Completed
ORD-11266,CUST-1463,PROD-128,2026-11-21,3,Completed
ORD-14399,CUST-1009,PROD-100,2026-11-22,1,Completed
ORD-14071,CUST-1451,PROD-129,2026-11-22,2,Returned
ORD-12630,CUST-1054,PROD-119,2026-11-22,2,Completed
ORD-12158,CUST-1212,PROD-129,2026-11-22,1,Cancelled
ORD-12574,CUST-1060,PROD-106,2026-11-22,1,Completed
ORD-13967,CUST-1466,PROD-119,2026-11-22,2,Completed
ORD-10856,CUST-1376,PROD-127,2026-11-22,2,Returned
ORD-12795,CUST-1080,PROD-104,2026-11-23,1,Completed
ORD-12937,CUST-1290,PROD-129,2026-11-23,1,Completed
ORD-11955,CUST-1146,PROD-110,2026-11-23,1,Completed
ORD-12262,CUST-1464,PROD-123,2026-11-23,1,Completed
ORD-14448,CUST-1380,PROD-118,2026-11-23,1,Completed
ORD-13732,CUST-1231,PROD-108,2026-11-23,1,Completed
ORD-12057,CUST-1216,PROD-120,2026-11-23,2,Cancelled
ORD-14497,CUST-1174,PROD-114,2026-11-23,1,Completed
ORD-11142,CUST-1487,PROD-120,2026-11-23,1,Completed
ORD-14512,CUST-1064,PROD-116,2026-11-23,1,Returned
ORD-10657,CUST-1375,PROD-106,2026-11-23,4,Completed
ORD-12258,CUST-1280,PROD-126,2026-11-23,4,Completed
ORD-13994,CUST-1315,PROD-109,2026-11-24,1,Completed
ORD-11068,CUST-1004,PROD-110,2026-11-24,1,Completed
ORD-14957,CUST-1272,PROD-123,2026-11-24,2,Completed
ORD-10379,CUST-1327,PROD-100,2026-11-24,1,Returned
ORD-10090,CUST-1376,PROD-106,2026-11-24,1,Cancelled
ORD-10833,CUST-1224,PROD-123,2026-11-25,1,Completed
ORD-13571,CUST-1191,PROD-105,2026-11-25,1,Completed
ORD-13348,CUST-1412,PROD-101,2026-11-25,2,Completed
ORD-11515,CUST-1414,PROD-104,2026-11-25,1,Completed
ORD-14324,CUST-1052,PROD-121,2026-11-25,2,Completed
ORD-13411,CUST-1376,PROD-105,2026-11-25,2,Completed
ORD-13954,CUST-1476,PROD-127,2026-11-25,4,Completed
ORD-13184,CUST-1327,PROD-112,2026-11-25,1,Completed
ORD-11322,CUST-1214,PROD-103,2026-11-25,1,Returned
ORD-14738,CUST-1031,PROD-100,2026-11-25,5,Completed
ORD-10567,CUST-1488,PROD-115,2026-11-25,1,Completed
ORD-10689,CUST-1257,PROD-120,2026-11-25,1,Completed
ORD-10778,CUST-1421,PROD-110,2026-11-25,1,Completed
ORD-12122,CUST-1221,PROD-125,2026-11-25,5,Completed
ORD-11846,CUST-1414,PROD-109,2026-11-25,5,Completed
ORD-11433,CUST-1448,PROD-110,2026-11-26,3,Completed
ORD-10105,CUST-1075,PROD-116,2026-11-26,1,Completed
ORD-14915,CUST-1214,PROD-120,2026-11-26,1,Completed
ORD-12330,CUST-1026,PROD-116,2026-11-26,1,Completed
ORD-13936,CUST-1262,PROD-112,2026-11-26,4,Completed
ORD-11488,CUST-1326,PROD-105,2026-11-26,1,Completed
ORD-14515,CUST-1312,PROD-121,2026-11-26,1,Completed
ORD-14482,CUST-1433,PROD-129,2026-11-26,1,Completed
ORD-11667,CUST-1450,PROD-103,2026-11-26,1,Returned
ORD-12083,CUST-1054,PROD-125,2026-11-26,5,Completed
ORD-10712,CUST-1219,PROD-113,2026-11-26,3,Completed
ORD-12319,CUST-1450,PROD-103,2026-11-26,3,Completed
ORD-13821,CUST-1083,PROD-129,2026-11-26,2,Completed
ORD-11349,CUST-1439,PROD-114,2026-11-26,5,Completed
ORD-10784,CUST-1443,PROD-102,2026-11-26,2,Completed
ORD-10818,CUST-1332,PROD-114,2026-11-27,1,Completed
ORD-13959,CUST-1006,PROD-115,2026-11-27,3,Completed
ORD-14540,CUST-1428,PROD-128,2026-11-27,1,Completed
ORD-12749,CUST-1214,PROD-110,2026-11-27,1,Completed
ORD-13773,CUST-1302,PROD-116,2026-11-27,1,Completed
ORD-13972,CUST-1031,PROD-114,2026-11-27,2,Completed
ORD-13268,CUST-1231,PROD-119,2026-11-27,1,Completed
ORD-12912,CUST-1242,PROD-112,2026-11-27,1,Completed
ORD-11211,CUST-1049,PROD-120,2026-11-27,1,Completed
ORD-13285,CUST-1055,PROD-104,2026-11-27,2,Completed
ORD-13782,CUST-1421,PROD-113,2026-11-28,1,Completed
ORD-10634,CUST-1316,PROD-118,2026-11-28,2,Completed
ORD-14848,CUST-1329,PROD-105,2026-11-28,1,Returned
ORD-12233,CUST-1463,PROD-123,2026-11-28,2,Completed
ORD-10932,CUST-1200,PROD-113,2026-11-28,1,Completed
ORD-13802,CUST-1054,PROD-108,2026-11-28,1,Completed
ORD-12654,CUST-1370,PROD-126,2026-11-28,1,Completed
ORD-14527,CUST-1190,PROD-108,2026-11-28,1,Completed
ORD-11796,CUST-1214,PROD-117,2026-11-28,1,Completed
ORD-13017,CUST-1318,PROD-107,2026-11-28,1,Returned
ORD-13286,CUST-1019,PROD-118,2026-11-28,1,Completed
ORD-12280,CUST-1105,PROD-105,2026-11-28,1,Completed
ORD-11785,CUST-1219,PROD-111,2026-11-28,1,Returned
ORD-14002,CUST-1321,PROD-109,2026-11-28,1,Completed
ORD-10861,CUST-1420,PROD-123,2026-11-28,1,Cancelled
ORD-14697,CUST-1231,PROD-116,2026-11-28,3,Completed
ORD-11253,CUST-1415,PROD-125,2026-11-29,2,Completed
ORD-13982,CUST-1308,PROD-118,2026-11-29,1,Completed
ORD-13633,CUST-1230,PROD-113,2026-11-29,2,Returned
ORD-10946,CUST-1178,PROD-118,2026-11-29,1,Completed
ORD-14290,CUST-1290,PROD-127,2026-11-29,1,Completed
ORD-11431,CUST-1380,PROD-124,2026-11-29,2,Completed
ORD-13837,CUST-1024,PROD-127,2026-11-29,1,Completed
ORD-11027,CUST-1075,PROD-100,2026-11-29,1,Completed
ORD-13449,CUST-1119,PROD-112,2026-11-29,2,Completed
ORD-13656,CUST-1242,PROD-117,2026-11-29,2,Completed
ORD-11963,CUST-1448,PROD-123,2026-11-29,2,Completed
ORD-11794,CUST-1219,PROD-126,2026-11-29,2,Completed
ORD-12752,CUST-1242,PROD-124,2026-11-29,4,Completed
ORD-14112,CUST-1219,PROD-115,2026-11-29,4,Completed
ORD-12976,CUST-1028,PROD-101,2026-11-29,1,Completed
ORD-12743,CUST-1416,PROD-104,2026-11-29,2,Completed
ORD-14326,CUST-1227,PROD-117,2026-11-29,1,Completed
ORD-11954,CUST-1375,PROD-119,2026-11-29,1,Completed
ORD-13950,CUST-1290,PROD-124,2026-11-29,1,Completed
ORD-12496,CUST-1290,PROD-105,2026-11-30,2,Returned
ORD-12787,CUST-1455,PROD-126,2026-11-30,1,Completed
ORD-12332,CUST-1145,PROD-122,2026-11-30,2,Completed
ORD-11117,CUST-1302,PROD-127,2026-11-30,2,Completed
ORD-10403,CUST-1075,PROD-125,2026-11-30,1,Completed
ORD-14763,CUST-1428,PROD-126,2026-11-30,2,Returned
ORD-12615,CUST-1398,PROD-108,2026-11-30,1,Completed
ORD-13532,CUST-1380,PROD-105,2026-11-30,1,Cancelled
ORD-14381,CUST-1214,PROD-110,2026-11-30,1,Completed
ORD-12188,CUST-1390,PROD-109,2026-11-30,3,Completed
ORD-12894,CUST-1024,PROD-110,2026-11-30,3,Completed
ORD-10046,CUST-1432,PROD-112,2026-11-30,1,Completed
ORD-13674,CUST-1386,PROD-104,2026-11-30,1,Completed
ORD-12061,CUST-1178,PROD-115,2026-11-30,1,Completed
ORD-12327,CUST-1004,PROD-117,2026-11-30,1,Completed
ORD-13475,CUST-1218,PROD-115,2026-11-30,5,Completed
ORD-12267,CUST-1288,PROD-116,2026-11-30,1,Completed
ORD-13387,CUST-1123,PROD-118,2026-11-30,1,Completed
ORD-13425,CUST-1290,PROD-116,2026-11-30,2,Completed
ORD-14217,CUST-1138,PROD-106,2026-12-01,2,Completed
ORD-13036,CUST-1051,PROD-125,2026-12-01,1,Cancelled
ORD-13234,CUST-1442,PROD-127,2026-12-01,1,Completed
ORD-12703,CUST-1191,PROD-126,2026-12-01,1,Completed
ORD-14759,CUST-1352,PROD-113,2026-12-01,1,Completed
ORD-11324,CUST-1276,PROD-105,2026-12-01,5,Completed
ORD-11701,CUST-1006,PROD-123,2026-12-01,3,Completed
ORD-14023,CUST-1219,PROD-120,2026-12-01,2,Completed
ORD-10089,CUST-1115,PROD-112,2026-12-01,1,Completed
ORD-11126,CUST-1026,PROD-109,2026-12-01,1,Completed
ORD-12830,CUST-1468,PROD-106,2026-12-01,1,Completed
ORD-10668,CUST-1050,PROD-123,2026-12-01,1,Completed
ORD-13463,CUST-1460,PROD-117,2026-12-01,5,Completed
ORD-12903,CUST-1440,PROD-100,2026-12-01,1,Completed
ORD-10020,CUST-1338,PROD-110,2026-12-02,3,Completed
ORD-13438,CUST-1207,PROD-121,2026-12-02,1,Completed
ORD-11185,CUST-1084,PROD-123,2026-12-02,1,Completed
ORD-11331,CUST-1097,PROD-125,2026-12-02,1,Cancelled
ORD-13081,CUST-1342,PROD-113,2026-12-02,1,Completed
ORD-13563,CUST-1080,PROD-118,2026-12-02,1,Completed
ORD-13555,CUST-1415,PROD-107,2026-12-02,1,Completed
ORD-14101,CUST-1178,PROD-113,2026-12-02,3,Completed
ORD-13948,CUST-1134,PROD-126,2026-12-02,1,Completed
ORD-13136,CUST-1106,PROD-113,2026-12-02,1,Completed
ORD-10162,CUST-1255,PROD-102,2026-12-02,1,Cancelled
ORD-13585,CUST-1106,PROD-113,2026-12-02,1,Completed
ORD-11681,CUST-1461,PROD-127,2026-12-02,1,Returned
ORD-11925,CUST-1160,PROD-121,2026-12-02,1,Completed
ORD-10038,CUST-1162,PROD-103,2026-12-02,2,Returned
ORD-11746,CUST-1030,PROD-126,2026-12-02,1,Completed
ORD-12428,CUST-1304,PROD-128,2026-12-03,1,Completed
ORD-11820,CUST-1080,PROD-124,2026-12-03,5,Completed
ORD-13710,CUST-1494,PROD-102,2026-12-03,1,Completed
ORD-10068,CUST-1145,PROD-111,2026-12-03,1,Cancelled
ORD-11419,CUST-1272,PROD-104,2026-12-03,3,Returned
ORD-13078,CUST-1080,PROD-108,2026-12-03,1,Completed
ORD-12165,CUST-1362,PROD-128,2026-12-03,1,Completed
ORD-11495,CUST-1083,PROD-123,2026-12-03,1,Completed
ORD-11418,CUST-1109,PROD-123,2026-12-03,1,Completed
ORD-14748,CUST-1326,PROD-124,2026-12-03,1,Completed
ORD-11297,CUST-1006,PROD-125,2026-12-03,1,Completed
ORD-11967,CUST-1362,PROD-107,2026-12-03,1,Completed
ORD-11760,CUST-1054,PROD-121,2026-12-03,2,Completed
ORD-13934,CUST-1328,PROD-126,2026-12-03,3,Completed
ORD-11442,CUST-1428,PROD-123,2026-12-03,2,Completed
ORD-10250,CUST-1230,PROD-105,2026-12-03,5,Completed
ORD-10288,CUST-1175,PROD-112,2026-12-03,1,Completed
ORD-10958,CUST-1169,PROD-120,2026-12-04,2,Completed
ORD-11597,CUST-1061,PROD-119,2026-12-04,1,Returned
ORD-11487,CUST-1196,PROD-102,2026-12-04,1,Completed
ORD-11115,CUST-1011,PROD-128,2026-12-04,1,Completed
ORD-11901,CUST-1213,PROD-104,2026-12-04,3,Returned
ORD-11246,CUST-1476,PROD-102,2026-12-04,1,Completed
ORD-12207,CUST-1409,PROD-116,2026-12-04,2,Completed
ORD-12587,CUST-1210,PROD-126,2026-12-04,1,Returned
ORD-12933,CUST-1420,PROD-109,2026-12-04,1,Completed
ORD-14349,CUST-1385,PROD-105,2026-12-04,2,Completed
ORD-13530,CUST-1385,PROD-128,2026-12-04,1,Returned
ORD-14393,CUST-1304,PROD-120,2026-12-04,3,Completed
ORD-14338,CUST-1165,PROD-102,2026-12-04,2,Completed
ORD-10927,CUST-1439,PROD-115,2026-12-04,3,Returned
ORD-12086,CUST-1178,PROD-126,2026-12-04,2,Completed
ORD-13037,CUST-1392,PROD-102,2026-12-04,1,Completed
ORD-11795,CUST-1059,PROD-109,2026-12-05,4,Completed
ORD-11691,CUST-1348,PROD-112,2026-12-05,1,Completed
ORD-10406,CUST-1362,PROD-125,2026-12-05,1,Completed
ORD-12962,CUST-1498,PROD-128,2026-12-05,1,Completed
ORD-14144,CUST-1142,PROD-128,2026-12-05,1,Completed
ORD-11801,CUST-1414,PROD-104,2026-12-05,1,Completed
ORD-13881,CUST-1033,PROD-103,2026-12-05,1,Completed
ORD-14145,CUST-1085,PROD-113,2026-12-05,1,Completed
ORD-10507,CUST-1316,PROD-106,2026-12-05,1,Completed
ORD-12904,CUST-1025,PROD-110,2026-12-05,2,Completed
ORD-11787,CUST-1188,PROD-116,2026-12-05,4,Completed
ORD-12516,CUST-1383,PROD-129,2026-12-05,1,Returned
ORD-11922,CUST-1329,PROD-127,2026-12-05,4,Returned
ORD-13032,CUST-1364,PROD-107,2026-12-06,4,Completed
ORD-14039,CUST-1214,PROD-110,2026-12-06,1,Returned
ORD-11731,CUST-1375,PROD-128,2026-12-06,5,Completed
ORD-10079,CUST-1332,PROD-114,2026-12-06,1,Completed
ORD-11175,CUST-1115,PROD-114,2026-12-06,1,Completed
ORD-13161,CUST-1410,PROD-118,2026-12-06,3,Completed
ORD-14417,CUST-1301,PROD-110,2026-12-06,2,Completed
ORD-13020,CUST-1363,PROD-106,2026-12-06,1,Completed
ORD-14154,CUST-1450,PROD-112,2026-12-06,4,Completed
ORD-14167,CUST-1439,PROD-120,2026-12-06,1,Completed
ORD-11675,CUST-1448,PROD-112,2026-12-06,4,Completed
ORD-10394,CUST-1439,PROD-112,2026-12-06,1,Completed
ORD-11979,CUST-1327,PROD-102,2026-12-06,5,Completed
ORD-14046,CUST-1425,PROD-114,2026-12-06,1,Completed
ORD-11560,CUST-1178,PROD-107,2026-12-06,1,Completed
ORD-14938,CUST-1404,PROD-123,2026-12-07,4,Completed
ORD-12193,CUST-1080,PROD-124,2026-12-07,1,Cancelled
ORD-14243,CUST-1214,PROD-103,2026-12-07,2,Completed
ORD-11633,CUST-1457,PROD-104,2026-12-07,1,Completed
ORD-11097,CUST-1278,PROD-106,2026-12-07,1,Completed
ORD-14974,CUST-1394,PROD-120,2026-12-07,1,Completed
ORD-10619,CUST-1000,PROD-115,2026-12-07,2,Completed
ORD-10087,CUST-1363,PROD-119,2026-12-07,1,Returned
ORD-14460,CUST-1264,PROD-124,2026-12-07,4,Completed
ORD-14608,CUST-1031,PROD-111,2026-12-07,1,Returned
ORD-14451,CUST-1050,PROD-111,2026-12-07,1,Completed
ORD-14623,CUST-1065,PROD-128,2026-12-07,4,Returned
ORD-11880,CUST-1054,PROD-102,2026-12-07,1,Cancelled
ORD-12835,CUST-1304,PROD-122,2026-12-07,4,Completed
ORD-10885,CUST-1350,PROD-116,2026-12-07,1,Completed
ORD-14961,CUST-1055,PROD-111,2026-12-08,1,Completed
ORD-14627,CUST-1054,PROD-113,2026-12-08,1,Completed
ORD-10219,CUST-1015,PROD-109,2026-12-08,1,Completed
ORD-13564,CUST-1362,PROD-102,2026-12-08,1,Completed
ORD-13116,CUST-1093,PROD-120,2026-12-08,1,Completed
ORD-14370,CUST-1025,PROD-126,2026-12-08,1,Completed
ORD-12581,CUST-1415,PROD-113,2026-12-08,3,Completed
ORD-12953,CUST-1409,PROD-115,2026-12-08,2,Completed
ORD-12602,CUST-1280,PROD-129,2026-12-08,1,Completed
ORD-13935,CUST-1397,PROD-102,2026-12-08,1,Completed
ORD-11310,CUST-1178,PROD-117,2026-12-08,3,Completed
ORD-12214,CUST-1178,PROD-122,2026-12-09,1,Returned
ORD-10036,CUST-1168,PROD-126,2026-12-09,1,Cancelled
ORD-10590,CUST-1348,PROD-116,2026-12-09,4,Completed
ORD-12397,CUST-1265,PROD-122,2026-12-09,2,Completed
ORD-13042,CUST-1280,PROD-120,2026-12-09,1,Completed
ORD-14834,CUST-1194,PROD-114,2026-12-09,3,Completed
ORD-13862,CUST-1031,PROD-114,2026-12-09,1,Completed
ORD-10516,CUST-1428,PROD-115,2026-12-09,1,Completed
ORD-10098,CUST-1216,PROD-119,2026-12-09,1,Completed
ORD-14319,CUST-1304,PROD-113,2026-12-09,2,Completed
ORD-14793,CUST-1318,PROD-112,2026-12-10,1,Returned
ORD-14728,CUST-1312,PROD-116,2026-12-10,1,Cancelled
ORD-10285,CUST-1197,PROD-109,2026-12-10,1,Completed
ORD-14471,CUST-1010,PROD-120,2026-12-10,4,Completed
ORD-11379,CUST-1383,PROD-122,2026-12-10,1,Completed
ORD-12628,CUST-1392,PROD-103,2026-12-10,1,Completed
ORD-12618,CUST-1083,PROD-127,2026-12-10,1,Completed
ORD-10588,CUST-1290,PROD-101,2026-12-10,4,Completed
ORD-10364,CUST-1114,PROD-100,2026-12-10,2,Completed
ORD-14582,CUST-1304,PROD-116,2026-12-10,1,Completed
ORD-11886,CUST-1265,PROD-105,2026-12-10,3,Completed
ORD-11408,CUST-1497,PROD-113,2026-12-10,1,Completed
ORD-14621,CUST-1003,PROD-106,2026-12-11,1,Completed
ORD-12020,CUST-1417,PROD-115,2026-12-11,1,Returned
ORD-13544,CUST-1085,PROD-103,2026-12-11,2,Completed
ORD-14644,CUST-1280,PROD-129,2026-12-11,1,Completed
ORD-12994,CUST-1327,PROD-102,2026-12-11,4,Completed
ORD-14077,CUST-1399,PROD-119,2026-12-11,1,Returned
ORD-11567,CUST-1039,PROD-109,2026-12-11,2,Cancelled
ORD-13963,CUST-1038,PROD-101,2026-12-11,3,Completed
ORD-12164,CUST-1062,PROD-123,2026-12-11,1,Completed
ORD-11030,CUST-1323,PROD-101,2026-12-11,1,Completed
ORD-14231,CUST-1421,PROD-101,2026-12-11,1,Completed
ORD-10457,CUST-1363,PROD-117,2026-12-11,1,Completed
ORD-11109,CUST-1018,PROD-126,2026-12-11,4,Completed
ORD-14080,CUST-1121,PROD-101,2026-12-11,2,Completed
ORD-12117,CUST-1170,PROD-121,2026-12-11,3,Returned
ORD-13986,CUST-1216,PROD-111,2026-12-11,2,Completed
ORD-12239,CUST-1202,PROD-115,2026-12-11,1,Completed
ORD-10039,CUST-1263,PROD-124,2026-12-12,2,Completed
ORD-12831,CUST-1326,PROD-125,2026-12-12,1,Completed
ORD-11247,CUST-1329,PROD-105,2026-12-12,2,Completed
ORD-14524,CUST-1191,PROD-127,2026-12-12,1,Returned
ORD-14725,CUST-1344,PROD-114,2026-12-12,5,Completed
ORD-11192,CUST-1243,PROD-110,2026-12-12,1,Completed
ORD-11473,CUST-1396,PROD-104,2026-12-12,2,Completed
ORD-14695,CUST-1392,PROD-127,2026-12-12,1,Completed
ORD-14880,CUST-1415,PROD-127,2026-12-12,1,Completed
ORD-12737,CUST-1214,PROD-104,2026-12-12,1,Completed
ORD-10334,CUST-1025,PROD-113,2026-12-12,1,Completed
ORD-10502,CUST-1165,PROD-115,2026-12-12,1,Returned
ORD-11815,CUST-1371,PROD-104,2026-12-12,1,Completed
ORD-10632,CUST-1080,PROD-110,2026-12-12,1,Returned
ORD-13338,CUST-1281,PROD-110,2026-12-12,1,Completed
ORD-10514,CUST-1003,PROD-115,2026-12-12,2,Completed
ORD-12347,CUST-1157,PROD-126,2026-12-12,1,Completed
ORD-14058,CUST-1003,PROD-121,2026-12-12,1,Completed
ORD-10635,CUST-1214,PROD-100,2026-12-13,2,Completed
ORD-13639,CUST-1436,PROD-112,2026-12-13,2,Completed
ORD-10391,CUST-1191,PROD-129,2026-12-13,1,Completed
ORD-10227,CUST-1450,PROD-121,2026-12-13,2,Returned
ORD-10255,CUST-1169,PROD-126,2026-12-13,3,Returned
ORD-10267,CUST-1015,PROD-108,2026-12-13,3,Completed
ORD-14851,CUST-1037,PROD-124,2026-12-13,1,Completed
ORD-12401,CUST-1033,PROD-129,2026-12-13,2,Completed
ORD-12676,CUST-1265,PROD-114,2026-12-13,3,Completed
ORD-11523,CUST-1290,PROD-104,2026-12-13,3,Completed
ORD-11350,CUST-1198,PROD-114,2026-12-13,4,Returned
ORD-10639,CUST-1163,PROD-129,2026-12-13,1,Completed
ORD-12621,CUST-1304,PROD-128,2026-12-13,1,Completed
ORD-14796,CUST-1419,PROD-122,2026-12-13,2,Returned
ORD-13014,CUST-1061,PROD-103,2026-12-13,3,Completed
ORD-14855,CUST-1179,PROD-115,2026-12-13,1,Completed
ORD-10591,CUST-1376,PROD-101,2026-12-13,5,Cancelled
ORD-14955,CUST-1052,PROD-110,2026-12-13,1,Completed
ORD-11085,CUST-1312,PROD-105,2026-12-13,1,Completed
ORD-11035,CUST-1495,PROD-123,2026-12-13,1,Completed
ORD-11617,CUST-1414,PROD-106,2026-12-13,2,Completed
ORD-12402,CUST-1164,PROD-128,2026-12-14,2,Completed
ORD-12969,CUST-1314,PROD-104,2026-12-14,1,Completed
ORD-10667,CUST-1080,PROD-109,2026-12-14,5,Completed
ORD-14054,CUST-1083,PROD-116,2026-12-14,1,Completed
ORD-14862,CUST-1349,PROD-119,2026-12-14,3,Completed
ORD-10462,CUST-1095,PROD-128,2026-12-14,3,Completed
ORD-12702,CUST-1081,PROD-117,2026-12-14,1,Completed
ORD-11558,CUST-1106,PROD-113,2026-12-14,1,Completed
ORD-14372,CUST-1328,PROD-122,2026-12-14,5,Completed
ORD-12658,CUST-1300,PROD-105,2026-12-14,1,Returned
ORD-11262,CUST-1214,PROD-104,2026-12-14,1,Completed
ORD-11977,CUST-1257,PROD-124,2026-12-14,1,Completed
ORD-11223,CUST-1011,PROD-127,2026-12-14,1,Completed
ORD-11861,CUST-1231,PROD-122,2026-12-14,3,Completed
ORD-13021,CUST-1238,PROD-126,2026-12-14,1,Returned
ORD-13987,CUST-1006,PROD-106,2026-12-14,1,Completed
ORD-14186,CUST-1288,PROD-101,2026-12-14,2,Returned
ORD-14949,CUST-1260,PROD-111,2026-12-14,1,Completed
ORD-11046,CUST-1080,PROD-109,2026-12-15,1,Completed
ORD-14760,CUST-1403,PROD-115,2026-12-15,2,Completed
ORD-13776,CUST-1400,PROD-102,2026-12-15,3,Completed
ORD-13743,CUST-1139,PROD-120,2026-12-15,1,Completed
ORD-14182,CUST-1289,PROD-115,2026-12-15,2,Completed
ORD-14354,CUST-1280,PROD-109,2026-12-15,1,Completed
ORD-12063,CUST-1151,PROD-124,2026-12-15,1,Completed
ORD-13160,CUST-1242,PROD-103,2026-12-15,1,Completed
ORD-11655,CUST-1418,PROD-100,2026-12-15,1,Completed
ORD-14927,CUST-1424,PROD-118,2026-12-15,2,Completed
ORD-12240,CUST-1172,PROD-117,2026-12-15,2,Completed
ORD-12315,CUST-1187,PROD-107,2026-12-15,3,Completed
ORD-13975,CUST-1428,PROD-110,2026-12-15,1,Completed
ORD-10782,CUST-1376,PROD-115,2026-12-15,2,Completed
ORD-12222,CUST-1337,PROD-129,2026-12-15,5,Completed
ORD-12318,CUST-1242,PROD-128,2026-12-15,2,Returned
ORD-14084,CUST-1314,PROD-104,2026-12-15,1,Completed
ORD-12229,CUST-1003,PROD-119,2026-12-15,1,Returned
ORD-14773,CUST-1290,PROD-127,2026-12-15,1,Completed
ORD-11458,CUST-1307,PROD-102,2026-12-16,1,Returned
ORD-14563,CUST-1230,PROD-113,2026-12-16,3,Completed
ORD-11603,CUST-1096,PROD-125,2026-12-16,3,Completed
ORD-11388,CUST-1238,PROD-115,2026-12-16,1,Completed
ORD-11228,CUST-1498,PROD-110,2026-12-16,1,Completed
ORD-12872,CUST-1115,PROD-126,2026-12-16,1,Completed
ORD-14197,CUST-1115,PROD-107,2026-12-16,2,Completed
ORD-13928,CUST-1238,PROD-113,2026-12-16,3,Completed
ORD-12106,CUST-1238,PROD-113,2026-12-16,2,Completed
ORD-13898,CUST-1362,PROD-105,2026-12-16,3,Completed
ORD-12705,CUST-1139,PROD-112,2026-12-16,1,Completed
ORD-10420,CUST-1115,PROD-106,2026-12-16,1,Cancelled
ORD-14626,CUST-1187,PROD-122,2026-12-16,4,Returned
ORD-10788,CUST-1396,PROD-118,2026-12-16,2,Completed
ORD-14292,CUST-1418,PROD-119,2026-12-16,2,Completed
ORD-12226,CUST-1297,PROD-106,2026-12-16,1,Returned
ORD-10579,CUST-1428,PROD-108,2026-12-16,1,Completed
ORD-14232,CUST-1265,PROD-110,2026-12-16,1,Completed
ORD-10549,CUST-1038,PROD-109,2026-12-16,3,Returned
ORD-11719,CUST-1111,PROD-124,2026-12-16,1,Completed
ORD-10943,CUST-1003,PROD-111,2026-12-16,2,Completed
ORD-12656,CUST-1070,PROD-127,2026-12-17,2,Completed
ORD-11943,CUST-1238,PROD-123,2026-12-17,4,Completed
ORD-14771,CUST-1387,PROD-104,2026-12-17,1,Cancelled
ORD-14507,CUST-1190,PROD-118,2026-12-17,2,Completed
ORD-12007,CUST-1305,PROD-118,2026-12-17,1,Returned
ORD-12492,CUST-1396,PROD-100,2026-12-17,2,Completed
ORD-10727,CUST-1290,PROD-127,2026-12-17,2,Completed
ORD-10426,CUST-1190,PROD-121,2026-12-17,2,Completed
ORD-11637,CUST-1481,PROD-109,2026-12-17,1,Completed
ORD-10037,CUST-1329,PROD-122,2026-12-17,1,Completed
ORD-13019,CUST-1415,PROD-113,2026-12-17,2,Completed
ORD-10526,CUST-1191,PROD-121,2026-12-17,4,Completed
ORD-11399,CUST-1173,PROD-107,2026-12-17,1,Completed
ORD-14526,CUST-1231,PROD-126,2026-12-17,1,Completed
ORD-12961,CUST-1216,PROD-106,2026-12-17,1,Completed
ORD-10845,CUST-1265,PROD-114,2026-12-17,1,Returned
ORD-13801,CUST-1326,PROD-111,2026-12-18,1,Completed
ORD-12295,CUST-1115,PROD-111,2026-12-18,3,Completed
ORD-11424,CUST-1115,PROD-105,2026-12-18,3,Completed
ORD-11947,CUST-1207,PROD-113,2026-12-18,1,Completed
ORD-11825,CUST-1136,PROD-125,2026-12-18,1,Completed
ORD-10934,CUST-1414,PROD-116,2026-12-18,3,Completed
ORD-11747,CUST-1424,PROD-101,2026-12-18,1,Completed
ORD-13150,CUST-1238,PROD-108,2026-12-18,1,Completed
ORD-13284,CUST-1248,PROD-124,2026-12-18,5,Completed
ORD-14225,CUST-1378,PROD-101,2026-12-18,1,Completed
ORD-13502,CUST-1238,PROD-129,2026-12-18,1,Completed
ORD-14814,CUST-1080,PROD-125,2026-12-18,1,Completed
ORD-13009,CUST-1298,PROD-113,2026-12-18,1,Completed
ORD-13392,CUST-1448,PROD-111,2026-12-18,4,Completed
ORD-14449,CUST-1001,PROD-117,2026-12-18,2,Completed
ORD-11839,CUST-1011,PROD-126,2026-12-19,4,Cancelled
ORD-13043,CUST-1363,PROD-121,2026-12-19,1,Completed
ORD-10528,CUST-1225,PROD-104,2026-12-19,4,Completed
ORD-12616,CUST-1302,PROD-120,2026-12-19,1,Completed
ORD-13319,CUST-1238,PROD-103,2026-12-19,1,Completed
ORD-14355,CUST-1247,PROD-123,2026-12-19,2,Completed
ORD-14673,CUST-1456,PROD-114,2026-12-19,5,Completed
ORD-13761,CUST-1360,PROD-121,2026-12-19,1,Completed
ORD-10235,CUST-1010,PROD-112,2026-12-19,5,Completed
ORD-11571,CUST-1216,PROD-118,2026-12-19,2,Completed
ORD-10915,CUST-1187,PROD-101,2026-12-19,1,Completed
ORD-13895,CUST-1483,PROD-121,2026-12-19,1,Completed
ORD-11496,CUST-1196,PROD-118,2026-12-19,1,Completed
ORD-11942,CUST-1102,PROD-107,2026-12-19,1,Completed
ORD-13620,CUST-1418,PROD-114,2026-12-19,1,Cancelled
ORD-10078,CUST-1325,PROD-107,2026-12-19,4,Completed
ORD-14577,CUST-1238,PROD-126,2026-12-19,1,Returned
ORD-14473,CUST-1225,PROD-103,2026-12-19,1,Completed
ORD-10815,CUST-1242,PROD-109,2026-12-19,3,Cancelled
ORD-13144,CUST-1415,PROD-117,2026-12-19,1,Completed
ORD-12557,CUST-1120,PROD-111,2026-12-20,2,Returned
ORD-13874,CUST-1421,PROD-109,2026-12-20,2,Completed
ORD-11347,CUST-1182,PROD-120,2026-12-20,2,Completed
ORD-10816,CUST-1003,PROD-102,2026-12-20,5,Completed
ORD-12619,CUST-1276,PROD-109,2026-12-20,3,Completed
ORD-13294,CUST-1083,PROD-112,2026-12-20,4,Completed
ORD-13764,CUST-1001,PROD-120,2026-12-20,1,Completed
ORD-14924,CUST-1027,PROD-116,2026-12-20,1,Completed
ORD-14392,CUST-1242,PROD-125,2026-12-20,3,Cancelled
ORD-13113,CUST-1050,PROD-118,2026-12-20,1,Completed
ORD-10493,CUST-1242,PROD-119,2026-12-20,1,Returned
ORD-11157,CUST-1299,PROD-120,2026-12-20,1,Completed
ORD-11156,CUST-1001,PROD-125,2026-12-20,1,Completed
ORD-10715,CUST-1304,PROD-122,2026-12-20,2,Returned
ORD-12143,CUST-1020,PROD-114,2026-12-20,2,Returned
ORD-14105,CUST-1001,PROD-105,2026-12-20,3,Completed
ORD-11043,CUST-1001,PROD-104,2026-12-20,2,Completed
ORD-14840,CUST-1001,PROD-109,2026-12-20,1,Completed
ORD-12891,CUST-1075,PROD-128,2026-12-20,1,Completed
ORD-13459,CUST-1050,PROD-113,2026-12-20,2,Completed
ORD-10445,CUST-1374,PROD-106,2026-12-20,1,Completed
ORD-13303,CUST-1054,PROD-111,2026-12-20,1,Completed
ORD-11572,CUST-1436,PROD-126,2026-12-21,2,Completed
ORD-10455,CUST-1083,PROD-118,2026-12-21,1,Completed
ORD-11604,CUST-1001,PROD-113,2026-12-21,1,Cancelled
ORD-13635,CUST-1099,PROD-121,2026-12-21,1,Completed
ORD-11173,CUST-1114,PROD-124,2026-12-21,4,Completed
ORD-13505,CUST-1115,PROD-111,2026-12-21,2,Completed
ORD-13918,CUST-1242,PROD-100,2026-12-21,2,Completed
ORD-14965,CUST-1197,PROD-101,2026-12-21,1,Returned
ORD-12123,CUST-1177,PROD-129,2026-12-21,5,Completed
ORD-11855,CUST-1280,PROD-100,2026-12-21,1,Completed
ORD-13013,CUST-1001,PROD-123,2026-12-21,1,Completed
ORD-11718,CUST-1332,PROD-113,2026-12-21,1,Completed
ORD-12287,CUST-1230,PROD-117,2026-12-21,1,Completed
ORD-11984,CUST-1225,PROD-114,2026-12-22,5,Completed
ORD-13238,CUST-1396,PROD-117,2026-12-22,4,Completed
ORD-12715,CUST-1187,PROD-125,2026-12-22,1,Completed
ORD-13023,CUST-1240,PROD-108,2026-12-22,1,Completed
ORD-11183,CUST-1463,PROD-129,2026-12-22,4,Completed
ORD-14935,CUST-1031,PROD-113,2026-12-22,1,Completed
ORD-14021,CUST-1360,PROD-112,2026-12-22,1,Completed
ORD-13203,CUST-1304,PROD-106,2026-12-22,2,Completed
ORD-11434,CUST-1397,PROD-129,2026-12-22,1,Completed
ORD-13318,CUST-1375,PROD-122,2026-12-22,1,Completed
ORD-10429,CUST-1243,PROD-115,2026-12-22,3,Completed
ORD-11075,CUST-1115,PROD-114,2026-12-22,2,Completed
ORD-10432,CUST-1326,PROD-124,2026-12-22,1,Completed
ORD-10031,CUST-1004,PROD-118,2026-12-22,2,Completed
ORD-13252,CUST-1187,PROD-129,2026-12-22,2,Completed
ORD-14959,CUST-1396,PROD-103,2026-12-22,1,Completed
ORD-13861,CUST-1448,PROD-121,2026-12-22,1,Completed
ORD-14496,CUST-1041,PROD-122,2026-12-22,1,Returned
ORD-10174,CUST-1375,PROD-112,2026-12-22,1,Completed
ORD-13071,CUST-1162,PROD-123,2026-12-22,1,Completed
ORD-11456,CUST-1041,PROD-129,2026-12-22,1,Completed
ORD-10230,CUST-1214,PROD-119,2026-12-22,1,Cancelled
ORD-13943,CUST-1415,PROD-126,2026-12-23,3,Completed
ORD-13939,CUST-1264,PROD-118,2026-12-23,1,Returned
ORD-11457,CUST-1454,PROD-101,2026-12-23,2,Completed
ORD-11743,CUST-1391,PROD-119,2026-12-23,1,Completed
ORD-10984,CUST-1020,PROD-116,2026-12-23,3,Returned
ORD-14607,CUST-1448,PROD-112,2026-12-23,1,Completed
ORD-11559,CUST-1082,PROD-103,2026-12-23,1,Completed
ORD-10115,CUST-1477,PROD-100,2026-12-23,2,Cancelled
ORD-11417,CUST-1001,PROD-111,2026-12-23,4,Completed
ORD-10512,CUST-1115,PROD-102,2026-12-23,4,Completed
ORD-14378,CUST-1326,PROD-113,2026-12-23,4,Completed
ORD-14435,CUST-1420,PROD-112,2026-12-23,4,Completed
ORD-14641,CUST-1025,PROD-109,2026-12-23,1,Completed
ORD-13466,CUST-1129,PROD-125,2026-12-23,3,Completed
ORD-13083,CUST-1362,PROD-123,2026-12-23,1,Completed
ORD-13065,CUST-1483,PROD-120,2026-12-23,1,Completed
ORD-13823,CUST-1011,PROD-118,2026-12-23,1,Completed
ORD-13903,CUST-1151,PROD-102,2026-12-23,4,Completed
ORD-12657,CUST-1151,PROD-110,2026-12-23,2,Cancelled
ORD-11034,CUST-1380,PROD-113,2026-12-24,1,Completed
ORD-11803,CUST-1337,PROD-123,2026-12-24,2,Completed
ORD-10776,CUST-1164,PROD-120,2026-12-24,3,Completed
ORD-11510,CUST-1139,PROD-126,2026-12-24,1,Returned
ORD-12744,CUST-1321,PROD-111,2026-12-24,5,Returned
ORD-11316,CUST-1097,PROD-104,2026-12-24,1,Completed
ORD-11287,CUST-1312,PROD-102,2026-12-24,1,Completed
ORD-14066,CUST-1026,PROD-120,2026-12-24,1,Completed
ORD-12316,CUST-1033,PROD-126,2026-12-24,2,Completed
ORD-11271,CUST-1080,PROD-100,2026-12-24,1,Returned
ORD-10747,CUST-1268,PROD-116,2026-12-24,1,Completed
ORD-12230,CUST-1481,PROD-129,2026-12-24,1,Completed
ORD-13723,CUST-1231,PROD-128,2026-12-24,2,Completed
ORD-11463,CUST-1325,PROD-124,2026-12-24,1,Completed
ORD-11779,CUST-1147,PROD-109,2026-12-25,1,Completed
ORD-11168,CUST-1191,PROD-128,2026-12-25,3,Completed
ORD-12778,CUST-1050,PROD-116,2026-12-25,1,Completed
ORD-10301,CUST-1033,PROD-107,2026-12-25,3,Completed
ORD-14388,CUST-1214,PROD-103,2026-12-25,3,Completed
ORD-12343,CUST-1463,PROD-126,2026-12-25,1,Completed
ORD-14337,CUST-1033,PROD-124,2026-12-25,1,Completed
ORD-14639,CUST-1033,PROD-123,2026-12-25,2,Completed
ORD-12273,CUST-1122,PROD-116,2026-12-25,2,Completed
ORD-11329,CUST-1139,PROD-116,2026-12-25,1,Completed
ORD-14480,CUST-1033,PROD-122,2026-12-25,1,Completed
ORD-11118,CUST-1302,PROD-125,2026-12-25,5,Completed
ORD-13124,CUST-1242,PROD-103,2026-12-25,1,Returned
ORD-13839,CUST-1025,PROD-125,2026-12-25,1,Completed
ORD-12848,CUST-1006,PROD-101,2026-12-25,1,Completed
ORD-12181,CUST-1220,PROD-125,2026-12-25,1,Completed
ORD-13109,CUST-1451,PROD-106,2026-12-25,2,Completed
ORD-10711,CUST-1371,PROD-102,2026-12-25,2,Completed
ORD-11446,CUST-1122,PROD-113,2026-12-25,1,Completed
ORD-10504,CUST-1178,PROD-119,2026-12-25,4,Cancelled
ORD-10744,CUST-1287,PROD-119,2026-12-26,1,Completed
ORD-10960,CUST-1156,PROD-123,2026-12-26,2,Completed
ORD-13681,CUST-1178,PROD-121,2026-12-26,1,Completed
ORD-11601,CUST-1001,PROD-127,2026-12-26,2,Completed
ORD-11634,CUST-1049,PROD-125,2026-12-26,2,Completed
ORD-11726,CUST-1003,PROD-104,2026-12-26,3,Completed
ORD-10919,CUST-1190,PROD-119,2026-12-26,1,Completed
ORD-13691,CUST-1438,PROD-126,2026-12-26,3,Cancelled
ORD-12627,CUST-1001,PROD-100,2026-12-26,4,Completed
ORD-11789,CUST-1388,PROD-120,2026-12-26,2,Completed
ORD-10982,CUST-1446,PROD-118,2026-12-26,1,Completed
ORD-10396,CUST-1290,PROD-112,2026-12-26,1,Completed
ORD-11687,CUST-1162,PROD-106,2026-12-26,1,Completed
ORD-10072,CUST-1448,PROD-128,2026-12-26,2,Completed
ORD-11696,CUST-1008,PROD-111,2026-12-26,2,Completed
ORD-12879,CUST-1372,PROD-124,2026-12-26,2,Completed
ORD-10350,CUST-1271,PROD-102,2026-12-26,1,Returned
ORD-11920,CUST-1307,PROD-129,2026-12-26,1,Completed
ORD-12504,CUST-1264,PROD-105,2026-12-26,3,Completed
ORD-10466,CUST-1146,PROD-119,2026-12-26,1,Completed
ORD-14854,CUST-1312,PROD-122,2026-12-26,1,Cancelled
ORD-10707,CUST-1302,PROD-128,2026-12-26,1,Completed
ORD-13900,CUST-1365,PROD-128,2026-12-26,2,Completed
ORD-12339,CUST-1227,PROD-105,2026-12-27,1,Completed
ORD-10478,CUST-1231,PROD-122,2026-12-27,1,Completed
ORD-10975,CUST-1023,PROD-129,2026-12-27,1,Completed
ORD-11988,CUST-1487,PROD-124,2026-12-27,1,Completed
ORD-12608,CUST-1134,PROD-100,2026-12-27,1,Completed
ORD-10851,CUST-1307,PROD-118,2026-12-27,1,Completed
ORD-11404,CUST-1013,PROD-120,2026-12-27,2,Completed
ORD-13369,CUST-1292,PROD-124,2026-12-27,1,Returned
ORD-13211,CUST-1033,PROD-107,2026-12-27,2,Completed
ORD-10065,CUST-1416,PROD-123,2026-12-27,4,Completed
ORD-11258,CUST-1362,PROD-124,2026-12-27,2,Completed
ORD-10144,CUST-1414,PROD-112,2026-12-27,1,Cancelled
ORD-11229,CUST-1362,PROD-107,2026-12-27,1,Completed
ORD-13470,CUST-1009,PROD-106,2026-12-27,1,Completed
ORD-10787,CUST-1275,PROD-110,2026-12-27,1,Completed
ORD-10007,CUST-1001,PROD-124,2026-12-27,1,Returned
ORD-10713,CUST-1272,PROD-119,2026-12-27,1,Completed
ORD-12004,CUST-1082,PROD-128,2026-12-27,2,Completed
ORD-10407,CUST-1176,PROD-129,2026-12-27,1,Returned
ORD-13756,CUST-1491,PROD-109,2026-12-27,1,Completed
ORD-13605,CUST-1238,PROD-120,2026-12-27,2,Completed
ORD-14905,CUST-1457,PROD-128,2026-12-27,5,Returned
ORD-13549,CUST-1164,PROD-105,2026-12-27,2,Completed
ORD-10495,CUST-1484,PROD-123,2026-12-28,3,Completed
ORD-13053,CUST-1276,PROD-106,2026-12-28,1,Completed
ORD-13202,CUST-1230,PROD-125,2026-12-28,1,Cancelled
ORD-13107,CUST-1288,PROD-120,2026-12-28,1,Returned
ORD-10348,CUST-1139,PROD-106,2026-12-28,1,Completed
ORD-12593,CUST-1031,PROD-115,2026-12-28,1,Completed
ORD-12569,CUST-1221,PROD-100,2026-12-28,2,Completed
ORD-10335,CUST-1380,PROD-128,2026-12-28,2,Completed
ORD-10505,CUST-1045,PROD-107,2026-12-28,2,Completed
ORD-13180,CUST-1397,PROD-102,2026-12-28,1,Completed
ORD-11906,CUST-1265,PROD-125,2026-12-28,1,Completed
ORD-10647,CUST-1099,PROD-126,2026-12-28,1,Returned
ORD-14821,CUST-1290,PROD-102,2026-12-28,1,Completed
ORD-11698,CUST-1435,PROD-126,2026-12-28,1,Completed
ORD-10659,CUST-1011,PROD-120,2026-12-28,3,Completed
ORD-13426,CUST-1024,PROD-123,2026-12-28,1,Completed
ORD-10136,CUST-1482,PROD-125,2026-12-28,1,Completed
ORD-12119,CUST-1033,PROD-122,2026-12-28,1,Completed
ORD-11669,CUST-1178,PROD-127,2026-12-28,2,Completed
ORD-13970,CUST-1139,PROD-118,2026-12-28,1,Completed
ORD-12166,CUST-1083,PROD-122,2026-12-28,1,Completed
ORD-12183,CUST-1214,PROD-110,2026-12-28,1,Completed
ORD-11099,CUST-1362,PROD-118,2026-12-29,1,Completed
ORD-10551,CUST-1396,PROD-106,2026-12-29,1,Completed
ORD-14936,CUST-1388,PROD-118,2026-12-29,1,Completed
ORD-14637,CUST-1450,PROD-120,2026-12-29,1,Cancelled
ORD-12073,CUST-1075,PROD-112,2026-12-29,4,Returned
ORD-14117,CUST-1396,PROD-113,2026-12-29,4,Completed
ORD-14124,CUST-1033,PROD-127,2026-12-29,1,Completed
ORD-11635,CUST-1242,PROD-116,2026-12-29,1,Completed
ORD-11236,CUST-1365,PROD-100,2026-12-29,3,Completed
ORD-11533,CUST-1160,PROD-113,2026-12-29,5,Completed
ORD-14468,CUST-1001,PROD-122,2026-12-29,1,Completed
ORD-10251,CUST-1178,PROD-124,2026-12-29,1,Completed
ORD-12367,CUST-1031,PROD-105,2026-12-29,1,Completed
ORD-11394,CUST-1096,PROD-122,2026-12-29,1,Completed
ORD-12597,CUST-1164,PROD-105,2026-12-29,1,Completed
ORD-13992,CUST-1187,PROD-115,2026-12-29,2,Completed
ORD-12673,CUST-1421,PROD-112,2026-12-30,1,Returned
ORD-10779,CUST-1122,PROD-125,2026-12-30,1,Completed
ORD-11709,CUST-1418,PROD-117,2026-12-30,2,Completed
ORD-13535,CUST-1115,PROD-117,2026-12-30,1,Completed
ORD-11181,CUST-1444,PROD-127,2026-12-30,3,Completed
ORD-11854,CUST-1257,PROD-118,2026-12-30,2,Completed
ORD-14485,CUST-1107,PROD-121,2026-12-30,3,Completed
ORD-14183,CUST-1238,PROD-110,2026-12-30,2,Completed
ORD-11011,CUST-1219,PROD-102,2026-12-30,2,Completed
ORD-12481,CUST-1187,PROD-106,2026-12-30,1,Completed
ORD-13103,CUST-1143,PROD-124,2026-12-30,1,Completed
ORD-10195,CUST-1462,PROD-120,2026-12-30,1,Completed
ORD-11926,CUST-1356,PROD-110,2026-12-30,2,Returned
ORD-10361,CUST-1394,PROD-125,2026-12-30,2,Returned
ORD-10687,CUST-1122,PROD-120,2026-12-30,1,Completed
ORD-12422,CUST-1001,PROD-121,2026-12-30,1,Completed
ORD-10980,CUST-1494,PROD-107,2026-12-30,1,Completed
ORD-12441,CUST-1280,PROD-129,2026-12-30,1,Cancelled
ORD-10389,CUST-1225,PROD-100,2026-12-31,2,Completed
ORD-13420,CUST-1003,PROD-129,2026-12-31,1,Completed
ORD-11754,CUST-1187,PROD-125,2026-12-31,1,Completed
ORD-14964,CUST-1115,PROD-113,2026-12-31,3,Completed
ORD-12556,CUST-1415,PROD-116,2026-12-31,2,Completed
ORD-14873,CUST-1028,PROD-106,2026-12-31,1,Completed
ORD-13442,CUST-1257,PROD-118,2026-12-31,1,Completed
ORD-14736,CUST-1214,PROD-116,2026-12-31,4,Completed
ORD-10352,CUST-1317,PROD-106,2026-12-31,2,Completed
ORD-14413,CUST-1001,PROD-113,2026-12-31,1,Completed
ORD-10837,CUST-1214,PROD-113,2026-12-31,1,Completed
ORD-11140,CUST-1050,PROD-125,2026-12-31,1,Completed
ORD-13711,CUST-1122,PROD-124,2026-12-31,1,Completed
ORD-11367,CUST-1392,PROD-128,2026-12-31,2,Completed
ORD-11240,CUST-1242,PROD-111,2026-12-31,1,Completed
ORD-12882,CUST-1084,PROD-115,2026-12-31,1,Completed
ORD-10171,CUST-1461,PROD-103,2026-12-31,5,Completed
ORD-13958,CUST-1380,PROD-128,2026-12-31,1,Completed
ORD-14506,CUST-1477,PROD-121,2026-12-31,2,Completed
